"100031","200061","才麗竹WEB表示用コース表示名","2","3"
"100035","200070","才麗竹WEB表示用コース表示名","2","3"
"100040","200080","才麗竹WEB表示用コース表示名","2","3"
"100043","200085","才麗竹WEB表示用コース表示名","2","3"
"100090","200180","才麗竹WEB表示用コース表示名","2","3"
"100091","200182","才麗竹WEB表示用コース表示名","2","3"
"100093","200185","才麗竹WEB表示用コース表示名","2","3"
"100094","200187","才麗竹WEB表示用コース表示名","2","3"
"100095","200189","才麗竹WEB表示用コース表示名","2","3"
"100096","200192","才麗竹WEB表示用コース表示名","2","3"
"100103","200206","才麗竹WEB表示用コース表示名","2","3"
"100104","200207","才麗竹WEB表示用コース表示名","2","3"
"100105","200209","才麗竹WEB表示用コース表示名","2","3"
"100105","200210","才麗竹WEB表示用コース表示名","2","3"
"100046","200092","才麗竹WEB表示用コース表示名","2","3"
"100047","200093","才麗竹WEB表示用コース表示名","2","3"
"100048","200095","才麗竹WEB表示用コース表示名","2","3"
"100051","200102","才麗竹WEB表示用コース表示名","2","3"
"100057","200114","才麗竹WEB表示用コース表示名","2","3"
"100059","200117","才麗竹WEB表示用コース表示名","2","3"
"100059","200118","才麗竹WEB表示用コース表示名","2","3"
"100061","200121","才麗竹WEB表示用コース表示名","2","3"
"100063","200125","才麗竹WEB表示用コース表示名","2","3"
"100065","200130","才麗竹WEB表示用コース表示名","2","3"
"100067","200134","才麗竹WEB表示用コース表示名","2","3"
"100069","200137","才麗竹WEB表示用コース表示名","2","3"
"100072","200144","才麗竹WEB表示用コース表示名","2","3"
"100082","200163","才麗竹WEB表示用コース表示名","2","3"
"100082","200164","才麗竹WEB表示用コース表示名","2","3"
"100083","200166","才麗竹WEB表示用コース表示名","2","3"
"100086","200172","才麗竹WEB表示用コース表示名","2","3"
"100087","200174","才麗竹WEB表示用コース表示名","2","3"
"100007","200014","才麗竹WEB表示用コース表示名","2","3"
"100016","200032","才麗竹WEB表示用コース表示名","2","3"
"100178","200356","才麗竹WEB表示用コース表示名","2","3"
"100182","200364","才麗竹WEB表示用コース表示名","2","3"
"100183","200365","才麗竹WEB表示用コース表示名","2","3"
"100191","200381","才麗竹WEB表示用コース表示名","2","3"
"100192","200384","才麗竹WEB表示用コース表示名","2","3"
"100193","200385","才麗竹WEB表示用コース表示名","2","3"
"100195","200389","才麗竹WEB表示用コース表示名","2","3"
"100265","200530","才麗竹WEB表示用コース表示名","2","3"
"100266","200531","才麗竹WEB表示用コース表示名","2","3"
"100266","200532","才麗竹WEB表示用コース表示名","2","3"
"100269","200537","才麗竹WEB表示用コース表示名","2","3"
"100277","200554","才麗竹WEB表示用コース表示名","2","3"
"100282","200563","才麗竹WEB表示用コース表示名","2","3"
"100199","200397","才麗竹WEB表示用コース表示名","2","3"
"100199","200398","才麗竹WEB表示用コース表示名","2","3"
"100200","200399","才麗竹WEB表示用コース表示名","2","3"
"100209","200418","才麗竹WEB表示用コース表示名","2","3"
"100211","200421","才麗竹WEB表示用コース表示名","2","3"
"100218","200435","才麗竹WEB表示用コース表示名","2","3"
"100226","200451","才麗竹WEB表示用コース表示名","2","3"
"100229","200457","才麗竹WEB表示用コース表示名","2","3"
"100230","200460","才麗竹WEB表示用コース表示名","2","3"
"100241","200482","才麗竹WEB表示用コース表示名","2","3"
"100244","200487","才麗竹WEB表示用コース表示名","2","3"
"100244","200488","才麗竹WEB表示用コース表示名","2","3"
"100249","200497","才麗竹WEB表示用コース表示名","2","3"
"100250","200500","才麗竹WEB表示用コース表示名","2","3"
"100255","200509","才麗竹WEB表示用コース表示名","2","3"
"100256","200512","才麗竹WEB表示用コース表示名","2","3"
"100257","200513","才麗竹WEB表示用コース表示名","2","3"
"100261","200522","才麗竹WEB表示用コース表示名","2","3"
"100262","200523","才麗竹WEB表示用コース表示名","2","3"
"100115","200230","才麗竹WEB表示用コース表示名","2","3"
"100116","200232","才麗竹WEB表示用コース表示名","2","3"
"100130","200259","才麗竹WEB表示用コース表示名","2","3"
"100131","200262","才麗竹WEB表示用コース表示名","2","3"
"100132","200263","才麗竹WEB表示用コース表示名","2","3"
"100135","200270","才麗竹WEB表示用コース表示名","2","3"
"100139","200277","才麗竹WEB表示用コース表示名","2","3"
"100145","200290","才麗竹WEB表示用コース表示名","2","3"
"100150","200299","才麗竹WEB表示用コース表示名","2","3"
"100161","200322","才麗竹WEB表示用コース表示名","2","3"
"100166","200332","才麗竹WEB表示用コース表示名","2","3"
"100173","200345","才麗竹WEB表示用コース表示名","2","3"
"100174","200348","才麗竹WEB表示用コース表示名","2","3"
"100425","200850","才麗竹WEB表示用コース表示名","2","3"
"100430","200859","才麗竹WEB表示用コース表示名","2","3"
"100435","200870","才麗竹WEB表示用コース表示名","2","3"
"100436","200871","才麗竹WEB表示用コース表示名","2","3"
"100291","200582","才麗竹WEB表示用コース表示名","2","3"
"100296","200591","才麗竹WEB表示用コース表示名","2","3"
"100299","200598","才麗竹WEB表示用コース表示名","2","3"
"100300","200600","才麗竹WEB表示用コース表示名","2","3"
"100301","200602","才麗竹WEB表示用コース表示名","2","3"
"100304","200607","才麗竹WEB表示用コース表示名","2","3"
"100314","200628","才麗竹WEB表示用コース表示名","2","3"
"100316","200632","才麗竹WEB表示用コース表示名","2","3"
"100318","200635","才麗竹WEB表示用コース表示名","2","3"
"100320","200640","才麗竹WEB表示用コース表示名","2","3"
"100326","200651","才麗竹WEB表示用コース表示名","2","3"
"100326","200652","才麗竹WEB表示用コース表示名","2","3"
"100337","200673","才麗竹WEB表示用コース表示名","2","3"
"100358","200715","才麗竹WEB表示用コース表示名","2","3"
"100358","200716","才麗竹WEB表示用コース表示名","2","3"
"100360","200720","才麗竹WEB表示用コース表示名","2","3"
"100362","200724","才麗竹WEB表示用コース表示名","2","3"
"100366","200731","才麗竹WEB表示用コース表示名","2","3"
"100367","200734","才麗竹WEB表示用コース表示名","2","3"
"100368","200735","才麗竹WEB表示用コース表示名","2","3"
"100368","200736","才麗竹WEB表示用コース表示名","2","3"
"100378","200755","才麗竹WEB表示用コース表示名","2","3"
"100378","200756","才麗竹WEB表示用コース表示名","2","3"
"100381","200762","才麗竹WEB表示用コース表示名","2","3"
"100385","200769","才麗竹WEB表示用コース表示名","2","3"
"100390","200779","才麗竹WEB表示用コース表示名","2","3"
"100390","200780","才麗竹WEB表示用コース表示名","2","3"
"100394","200787","才麗竹WEB表示用コース表示名","2","3"
"100397","200794","才麗竹WEB表示用コース表示名","2","3"
"100401","200801","才麗竹WEB表示用コース表示名","2","3"
"100402","200803","才麗竹WEB表示用コース表示名","2","3"
"100407","200814","才麗竹WEB表示用コース表示名","2","3"
"100410","200820","才麗竹WEB表示用コース表示名","2","3"
"100414","200827","才麗竹WEB表示用コース表示名","2","3"
"100414","200828","才麗竹WEB表示用コース表示名","2","3"
"100417","200833","才麗竹WEB表示用コース表示名","2","3"
"100509","201018","才麗竹WEB表示用コース表示名","2","3"
"100515","201029","才麗竹WEB表示用コース表示名","2","3"
"100518","201035","才麗竹WEB表示用コース表示名","2","3"
"100524","201048","才麗竹WEB表示用コース表示名","2","3"
"100526","201052","才麗竹WEB表示用コース表示名","2","3"
"100595","201189","才麗竹WEB表示用コース表示名","2","3"
"100601","201202","才麗竹WEB表示用コース表示名","2","3"
"100605","201210","才麗竹WEB表示用コース表示名","2","3"
"100606","201211","才麗竹WEB表示用コース表示名","2","3"
"100610","201219","才麗竹WEB表示用コース表示名","2","3"
"100615","201230","才麗竹WEB表示用コース表示名","2","3"
"100531","201061","才麗竹WEB表示用コース表示名","2","3"
"100535","201069","才麗竹WEB表示用コース表示名","2","3"
"100552","201104","才麗竹WEB表示用コース表示名","2","3"
"100557","201113","才麗竹WEB表示用コース表示名","2","3"
"100559","201117","才麗竹WEB表示用コース表示名","2","3"
"100565","201129","才麗竹WEB表示用コース表示名","2","3"
"100571","201141","才麗竹WEB表示用コース表示名","2","3"
"100577","201154","才麗竹WEB表示用コース表示名","2","3"
"100583","201166","才麗竹WEB表示用コース表示名","2","3"
"100591","201181","才麗竹WEB表示用コース表示名","2","3"
"100442","200884","才麗竹WEB表示用コース表示名","2","3"
"100443","200886","才麗竹WEB表示用コース表示名","2","3"
"100456","200912","才麗竹WEB表示用コース表示名","2","3"
"100463","200925","才麗竹WEB表示用コース表示名","2","3"
"100466","200931","才麗竹WEB表示用コース表示名","2","3"
"100468","200935","才麗竹WEB表示用コース表示名","2","3"
"100478","200956","才麗竹WEB表示用コース表示名","2","3"
"100482","200963","才麗竹WEB表示用コース表示名","2","3"
"100483","200965","才麗竹WEB表示用コース表示名","2","3"
"100484","200968","才麗竹WEB表示用コース表示名","2","3"
"100486","200971","才麗竹WEB表示用コース表示名","2","3"
"100499","200997","才麗竹WEB表示用コース表示名","2","3"
"100750","201500","才麗竹WEB表示用コース表示名","2","3"
"100751","201502","才麗竹WEB表示用コース表示名","2","3"
"100767","201534","才麗竹WEB表示用コース表示名","2","3"
"100617","201233","才麗竹WEB表示用コース表示名","2","3"
"100624","201248","才麗竹WEB表示用コース表示名","2","3"
"100626","201252","才麗竹WEB表示用コース表示名","2","3"
"100633","201266","才麗竹WEB表示用コース表示名","2","3"
"100637","201274","才麗竹WEB表示用コース表示名","2","3"
"100639","201277","才麗竹WEB表示用コース表示名","2","3"
"100642","201283","才麗竹WEB表示用コース表示名","2","3"
"100649","201298","才麗竹WEB表示用コース表示名","2","3"
"100658","201315","才麗竹WEB表示用コース表示名","2","3"
"100659","201318","才麗竹WEB表示用コース表示名","2","3"
"100664","201328","才麗竹WEB表示用コース表示名","2","3"
"100671","201342","才麗竹WEB表示用コース表示名","2","3"
"100675","201350","才麗竹WEB表示用コース表示名","2","3"
"100676","201352","才麗竹WEB表示用コース表示名","2","3"
"100688","201375","才麗竹WEB表示用コース表示名","2","3"
"100694","201387","才麗竹WEB表示用コース表示名","2","3"
"100697","201394","才麗竹WEB表示用コース表示名","2","3"
"100709","201417","才麗竹WEB表示用コース表示名","2","3"
"100716","201431","才麗竹WEB表示用コース表示名","2","3"
"100722","201443","才麗竹WEB表示用コース表示名","2","3"
"100724","201448","才麗竹WEB表示用コース表示名","2","3"
"100733","201465","才麗竹WEB表示用コース表示名","2","3"
"100736","201471","才麗竹WEB表示用コース表示名","2","3"
"100739","201477","才麗竹WEB表示用コース表示名","2","3"
"100743","201485","才麗竹WEB表示用コース表示名","2","3"
"100747","201494","才麗竹WEB表示用コース表示名","2","3"
"100837","201674","才麗竹WEB表示用コース表示名","2","3"
"100844","201687","才麗竹WEB表示用コース表示名","2","3"
"100844","201688","才麗竹WEB表示用コース表示名","2","3"
"100851","201701","才麗竹WEB表示用コース表示名","2","3"
"100933","201866","才麗竹WEB表示用コース表示名","2","3"
"100936","201871","才麗竹WEB表示用コース表示名","2","3"
"100939","201878","才麗竹WEB表示用コース表示名","2","3"
"100861","201721","才麗竹WEB表示用コース表示名","2","3"
"100863","201726","才麗竹WEB表示用コース表示名","2","3"
"100868","201736","才麗竹WEB表示用コース表示名","2","3"
"100876","201751","才麗竹WEB表示用コース表示名","2","3"
"100879","201757","才麗竹WEB表示用コース表示名","2","3"
"100880","201760","才麗竹WEB表示用コース表示名","2","3"
"100886","201772","才麗竹WEB表示用コース表示名","2","3"
"100889","201777","才麗竹WEB表示用コース表示名","2","3"
"100892","201783","才麗竹WEB表示用コース表示名","2","3"
"100895","201789","才麗竹WEB表示用コース表示名","2","3"
"100905","201809","才麗竹WEB表示用コース表示名","2","3"
"100917","201833","才麗竹WEB表示用コース表示名","2","3"
"100918","201835","才麗竹WEB表示用コース表示名","2","3"
"100922","201844","才麗竹WEB表示用コース表示名","2","3"
"100923","201845","才麗竹WEB表示用コース表示名","2","3"
"100771","201541","才麗竹WEB表示用コース表示名","2","3"
"100780","201560","才麗竹WEB表示用コース表示名","2","3"
"100781","201561","才麗竹WEB表示用コース表示名","2","3"
"100786","201572","才麗竹WEB表示用コース表示名","2","3"
"100788","201576","才麗竹WEB表示用コース表示名","2","3"
"100794","201587","才麗竹WEB表示用コース表示名","2","3"
"100799","201597","才麗竹WEB表示用コース表示名","2","3"
"100803","201605","才麗竹WEB表示用コース表示名","2","3"
"100806","201612","才麗竹WEB表示用コース表示名","2","3"
"100807","201614","才麗竹WEB表示用コース表示名","2","3"
"100812","201623","才麗竹WEB表示用コース表示名","2","3"
"100812","201624","才麗竹WEB表示用コース表示名","2","3"
"100813","201626","才麗竹WEB表示用コース表示名","2","3"
"100822","201644","才麗竹WEB表示用コース表示名","2","3"
"100824","201647","才麗竹WEB表示用コース表示名","2","3"
"100832","201663","才麗竹WEB表示用コース表示名","2","3"
"100834","201667","才麗竹WEB表示用コース表示名","2","3"
"100834","201668","才麗竹WEB表示用コース表示名","2","3"
"100835","201670","才麗竹WEB表示用コース表示名","2","3"
"100952","201904","才麗竹WEB表示用コース表示名","2","3"
"100953","201905","才麗竹WEB表示用コース表示名","2","3"
"100954","201908","才麗竹WEB表示用コース表示名","2","3"
"100955","201910","才麗竹WEB表示用コース表示名","2","3"
"100962","201923","才麗竹WEB表示用コース表示名","2","3"
"100965","201929","才麗竹WEB表示用コース表示名","2","3"
"100966","201931","才麗竹WEB表示用コース表示名","2","3"
"100983","201966","才麗竹WEB表示用コース表示名","2","3"
"100988","201976","才麗竹WEB表示用コース表示名","2","3"
"100990","201979","才麗竹WEB表示用コース表示名","2","3"
"100991","201982","才麗竹WEB表示用コース表示名","2","3"
"100993","201985","才麗竹WEB表示用コース表示名","2","3"
"100999","201998","才麗竹WEB表示用コース表示名","2","3"
"101000","201999","才麗竹WEB表示用コース表示名","2","3"
"100023","200046","才麗竹WEB表示用コース表示名","2","3"
"100025","200049","才麗竹WEB表示用コース表示名","2","3"
"100025","200050","才麗竹WEB表示用コース表示名","2","3"
"100031","200062","才麗竹WEB表示用コース表示名","2","3"
"100033","200065","才麗竹WEB表示用コース表示名","2","3"
"100034","200068","才麗竹WEB表示用コース表示名","2","3"
"100037","200074","才麗竹WEB表示用コース表示名","2","3"
"100041","200081","才麗竹WEB表示用コース表示名","2","3"
"100093","200186","才麗竹WEB表示用コース表示名","2","3"
"100102","200203","才麗竹WEB表示用コース表示名","2","3"
"100108","200216","才麗竹WEB表示用コース表示名","2","3"
"100045","200090","才麗竹WEB表示用コース表示名","2","3"
"100053","200105","才麗竹WEB表示用コース表示名","2","3"
"100084","200167","才麗竹WEB表示用コース表示名","2","3"
"100084","200168","才麗竹WEB表示用コース表示名","2","3"
"100085","200170","才麗竹WEB表示用コース表示名","2","3"
"100087","200173","才麗竹WEB表示用コース表示名","2","3"
"100001","200001","才麗竹WEB表示用コース表示名","2","3"
"100005","200010","才麗竹WEB表示用コース表示名","2","3"
"100010","200020","才麗竹WEB表示用コース表示名","2","3"
"100011","200021","才麗竹WEB表示用コース表示名","2","3"
"100011","200022","才麗竹WEB表示用コース表示名","2","3"
"100012","200024","才麗竹WEB表示用コース表示名","2","3"
"100020","200039","才麗竹WEB表示用コース表示名","2","3"
"100021","200042","才麗竹WEB表示用コース表示名","2","3"
"100022","200043","才麗竹WEB表示用コース表示名","2","3"
"100177","200354","才麗竹WEB表示用コース表示名","2","3"
"100179","200358","才麗竹WEB表示用コース表示名","2","3"
"100180","200360","才麗竹WEB表示用コース表示名","2","3"
"100185","200370","才麗竹WEB表示用コース表示名","2","3"
"100186","200372","才麗竹WEB表示用コース表示名","2","3"
"100187","200374","才麗竹WEB表示用コース表示名","2","3"
"100267","200533","才麗竹WEB表示用コース表示名","2","3"
"100268","200535","才麗竹WEB表示用コース表示名","2","3"
"100274","200547","才麗竹WEB表示用コース表示名","2","3"
"100283","200565","才麗竹WEB表示用コース表示名","2","3"
"100204","200408","才麗竹WEB表示用コース表示名","2","3"
"100205","200409","才麗竹WEB表示用コース表示名","2","3"
"100206","200411","才麗竹WEB表示用コース表示名","2","3"
"100207","200413","才麗竹WEB表示用コース表示名","2","3"
"100211","200422","才麗竹WEB表示用コース表示名","2","3"
"100221","200441","才麗竹WEB表示用コース表示名","2","3"
"100222","200443","才麗竹WEB表示用コース表示名","2","3"
"100224","200447","才麗竹WEB表示用コース表示名","2","3"
"100238","200476","才麗竹WEB表示用コース表示名","2","3"
"100239","200478","才麗竹WEB表示用コース表示名","2","3"
"100240","200480","才麗竹WEB表示用コース表示名","2","3"
"100242","200484","才麗竹WEB表示用コース表示名","2","3"
"100248","200496","才麗竹WEB表示用コース表示名","2","3"
"100258","200515","才麗竹WEB表示用コース表示名","2","3"
"100258","200516","才麗竹WEB表示用コース表示名","2","3"
"100260","200519","才麗竹WEB表示用コース表示名","2","3"
"100113","200226","才麗竹WEB表示用コース表示名","2","3"
"100114","200228","才麗竹WEB表示用コース表示名","2","3"
"100118","200235","才麗竹WEB表示用コース表示名","2","3"
"100121","200241","才麗竹WEB表示用コース表示名","2","3"
"100125","200250","才麗竹WEB表示用コース表示名","2","3"
"100127","200253","才麗竹WEB表示用コース表示名","2","3"
"100133","200265","才麗竹WEB表示用コース表示名","2","3"
"100134","200268","才麗竹WEB表示用コース表示名","2","3"
"100136","200272","才麗竹WEB表示用コース表示名","2","3"
"100140","200280","才麗竹WEB表示用コース表示名","2","3"
"100141","200281","才麗竹WEB表示用コース表示名","2","3"
"100151","200301","才麗竹WEB表示用コース表示名","2","3"
"100157","200313","才麗竹WEB表示用コース表示名","2","3"
"100167","200333","才麗竹WEB表示用コース表示名","2","3"
"100171","200341","才麗竹WEB表示用コース表示名","2","3"
"100172","200344","才麗竹WEB表示用コース表示名","2","3"
"100423","200845","才麗竹WEB表示用コース表示名","2","3"
"100426","200852","才麗竹WEB表示用コース表示名","2","3"
"100431","200862","才麗竹WEB表示用コース表示名","2","3"
"100432","200863","才麗竹WEB表示用コース表示名","2","3"
"100434","200867","才麗竹WEB表示用コース表示名","2","3"
"100436","200872","才麗竹WEB表示用コース表示名","2","3"
"100288","200575","才麗竹WEB表示用コース表示名","2","3"
"100296","200592","才麗竹WEB表示用コース表示名","2","3"
"100297","200593","才麗竹WEB表示用コース表示名","2","3"
"100302","200603","才麗竹WEB表示用コース表示名","2","3"
"100309","200617","才麗竹WEB表示用コース表示名","2","3"
"100309","200618","才麗竹WEB表示用コース表示名","2","3"
"100310","200620","才麗竹WEB表示用コース表示名","2","3"
"100315","200629","才麗竹WEB表示用コース表示名","2","3"
"100319","200638","才麗竹WEB表示用コース表示名","2","3"
"100322","200643","才麗竹WEB表示用コース表示名","2","3"
"100324","200648","才麗竹WEB表示用コース表示名","2","3"
"100331","200661","才麗竹WEB表示用コース表示名","2","3"
"100334","200667","才麗竹WEB表示用コース表示名","2","3"
"100337","200674","才麗竹WEB表示用コース表示名","2","3"
"100338","200676","才麗竹WEB表示用コース表示名","2","3"
"100346","200691","才麗竹WEB表示用コース表示名","2","3"
"100347","200693","才麗竹WEB表示用コース表示名","2","3"
"100351","200702","才麗竹WEB表示用コース表示名","2","3"
"100353","200705","才麗竹WEB表示用コース表示名","2","3"
"100357","200713","才麗竹WEB表示用コース表示名","2","3"
"100360","200719","才麗竹WEB表示用コース表示名","2","3"
"100364","200728","才麗竹WEB表示用コース表示名","2","3"
"100365","200730","才麗竹WEB表示用コース表示名","2","3"
"100367","200733","才麗竹WEB表示用コース表示名","2","3"
"100373","200746","才麗竹WEB表示用コース表示名","2","3"
"100375","200749","才麗竹WEB表示用コース表示名","2","3"
"100375","200750","才麗竹WEB表示用コース表示名","2","3"
"100376","200752","才麗竹WEB表示用コース表示名","2","3"
"100382","200764","才麗竹WEB表示用コース表示名","2","3"
"100386","200771","才麗竹WEB表示用コース表示名","2","3"
"100387","200773","才麗竹WEB表示用コース表示名","2","3"
"100389","200777","才麗竹WEB表示用コース表示名","2","3"
"100397","200793","才麗竹WEB表示用コース表示名","2","3"
"100399","200797","才麗竹WEB表示用コース表示名","2","3"
"100406","200811","才麗竹WEB表示用コース表示名","2","3"
"100413","200825","才麗竹WEB表示用コース表示名","2","3"
"100416","200832","才麗竹WEB表示用コース表示名","2","3"
"100513","201026","才麗竹WEB表示用コース表示名","2","3"
"100516","201032","才麗竹WEB表示用コース表示名","2","3"
"100517","201034","才麗竹WEB表示用コース表示名","2","3"
"100520","201039","才麗竹WEB表示用コース表示名","2","3"
"100521","201042","才麗竹WEB表示用コース表示名","2","3"
"100523","201045","才麗竹WEB表示用コース表示名","2","3"
"100604","201207","才麗竹WEB表示用コース表示名","2","3"
"100609","201217","才麗竹WEB表示用コース表示名","2","3"
"100611","201221","才麗竹WEB表示用コース表示名","2","3"
"100615","201229","才麗竹WEB表示用コース表示名","2","3"
"100531","201062","才麗竹WEB表示用コース表示名","2","3"
"100533","201065","才麗竹WEB表示用コース表示名","2","3"
"100540","201080","才麗竹WEB表示用コース表示名","2","3"
"100541","201081","才麗竹WEB表示用コース表示名","2","3"
"100543","201085","才麗竹WEB表示用コース表示名","2","3"
"100543","201086","才麗竹WEB表示用コース表示名","2","3"
"100544","201087","才麗竹WEB表示用コース表示名","2","3"
"100547","201093","才麗竹WEB表示用コース表示名","2","3"
"100554","201107","才麗竹WEB表示用コース表示名","2","3"
"100555","201110","才麗竹WEB表示用コース表示名","2","3"
"100557","201114","才麗竹WEB表示用コース表示名","2","3"
"100558","201115","才麗竹WEB表示用コース表示名","2","3"
"100561","201122","才麗竹WEB表示用コース表示名","2","3"
"100562","201123","才麗竹WEB表示用コース表示名","2","3"
"100567","201134","才麗竹WEB表示用コース表示名","2","3"
"100568","201136","才麗竹WEB表示用コース表示名","2","3"
"100569","201137","才麗竹WEB表示用コース表示名","2","3"
"100570","201139","才麗竹WEB表示用コース表示名","2","3"
"100570","201140","才麗竹WEB表示用コース表示名","2","3"
"100572","201144","才麗竹WEB表示用コース表示名","2","3"
"100574","201148","才麗竹WEB表示用コース表示名","2","3"
"100575","201150","才麗竹WEB表示用コース表示名","2","3"
"100578","201156","才麗竹WEB表示用コース表示名","2","3"
"100580","201159","才麗竹WEB表示用コース表示名","2","3"
"100585","201169","才麗竹WEB表示用コース表示名","2","3"
"100586","201172","才麗竹WEB表示用コース表示名","2","3"
"100589","201178","才麗竹WEB表示用コース表示名","2","3"
"100446","200891","才麗竹WEB表示用コース表示名","2","3"
"100447","200894","才麗竹WEB表示用コース表示名","2","3"
"100451","200901","才麗竹WEB表示用コース表示名","2","3"
"100456","200911","才麗竹WEB表示用コース表示名","2","3"
"100460","200919","才麗竹WEB表示用コース表示名","2","3"
"100462","200924","才麗竹WEB表示用コース表示名","2","3"
"100463","200926","才麗竹WEB表示用コース表示名","2","3"
"100464","200928","才麗竹WEB表示用コース表示名","2","3"
"100477","200953","才麗竹WEB表示用コース表示名","2","3"
"100480","200959","才麗竹WEB表示用コース表示名","2","3"
"100482","200964","才麗竹WEB表示用コース表示名","2","3"
"100489","200978","才麗竹WEB表示用コース表示名","2","3"
"100490","200979","才麗竹WEB表示用コース表示名","2","3"
"100491","200981","才麗竹WEB表示用コース表示名","2","3"
"100492","200984","才麗竹WEB表示用コース表示名","2","3"
"100495","200989","才麗竹WEB表示用コース表示名","2","3"
"100500","201000","才麗竹WEB表示用コース表示名","2","3"
"100504","201007","才麗竹WEB表示用コース表示名","2","3"
"100504","201008","才麗竹WEB表示用コース表示名","2","3"
"100756","201511","才麗竹WEB表示用コース表示名","2","3"
"100758","201516","才麗竹WEB表示用コース表示名","2","3"
"100764","201528","才麗竹WEB表示用コース表示名","2","3"
"100767","201533","才麗竹WEB表示用コース表示名","2","3"
"100616","201232","才麗竹WEB表示用コース表示名","2","3"
"100618","201235","才麗竹WEB表示用コース表示名","2","3"
"100621","201242","才麗竹WEB表示用コース表示名","2","3"
"100623","201245","才麗竹WEB表示用コース表示名","2","3"
"100623","201246","才麗竹WEB表示用コース表示名","2","3"
"100633","201265","才麗竹WEB表示用コース表示名","2","3"
"100635","201270","才麗竹WEB表示用コース表示名","2","3"
"100640","201280","才麗竹WEB表示用コース表示名","2","3"
"100643","201286","才麗竹WEB表示用コース表示名","2","3"
"100646","201291","才麗竹WEB表示用コース表示名","2","3"
"100647","201294","才麗竹WEB表示用コース表示名","2","3"
"100650","201299","才麗竹WEB表示用コース表示名","2","3"
"100660","201320","才麗竹WEB表示用コース表示名","2","3"
"100662","201324","才麗竹WEB表示用コース表示名","2","3"
"100663","201325","才麗竹WEB表示用コース表示名","2","3"
"100663","201326","才麗竹WEB表示用コース表示名","2","3"
"100665","201330","才麗竹WEB表示用コース表示名","2","3"
"100667","201333","才麗竹WEB表示用コース表示名","2","3"
"100668","201336","才麗竹WEB表示用コース表示名","2","3"
"100670","201340","才麗竹WEB表示用コース表示名","2","3"
"100673","201345","才麗竹WEB表示用コース表示名","2","3"
"100675","201349","才麗竹WEB表示用コース表示名","2","3"
"100679","201358","才麗竹WEB表示用コース表示名","2","3"
"100681","201361","才麗竹WEB表示用コース表示名","2","3"
"100695","201390","才麗竹WEB表示用コース表示名","2","3"
"100703","201406","才麗竹WEB表示用コース表示名","2","3"
"100706","201411","才麗竹WEB表示用コース表示名","2","3"
"100706","201412","才麗竹WEB表示用コース表示名","2","3"
"100712","201424","才麗竹WEB表示用コース表示名","2","3"
"100719","201438","才麗竹WEB表示用コース表示名","2","3"
"100730","201459","才麗竹WEB表示用コース表示名","2","3"
"100732","201463","才麗竹WEB表示用コース表示名","2","3"
"100734","201467","才麗竹WEB表示用コース表示名","2","3"
"100738","201476","才麗竹WEB表示用コース表示名","2","3"
"100743","201486","才麗竹WEB表示用コース表示名","2","3"
"100855","201709","才麗竹WEB表示用コース表示名","2","3"
"100855","201710","才麗竹WEB表示用コース表示名","2","3"
"100856","201711","才麗竹WEB表示用コース表示名","2","3"
"100857","201713","才麗竹WEB表示用コース表示名","2","3"
"100926","201851","才麗竹WEB表示用コース表示名","2","3"
"100927","201853","才麗竹WEB表示用コース表示名","2","3"
"100927","201854","才麗竹WEB表示用コース表示名","2","3"
"100929","201857","才麗竹WEB表示用コース表示名","2","3"
"100931","201861","才麗竹WEB表示用コース表示名","2","3"
"100932","201864","才麗竹WEB表示用コース表示名","2","3"
"100937","201873","才麗竹WEB表示用コース表示名","2","3"
"100858","201716","才麗竹WEB表示用コース表示名","2","3"
"100864","201728","才麗竹WEB表示用コース表示名","2","3"
"100872","201743","才麗竹WEB表示用コース表示名","2","3"
"100874","201747","才麗竹WEB表示用コース表示名","2","3"
"100874","201748","才麗竹WEB表示用コース表示名","2","3"
"100876","201752","才麗竹WEB表示用コース表示名","2","3"
"100877","201753","才麗竹WEB表示用コース表示名","2","3"
"100878","201755","才麗竹WEB表示用コース表示名","2","3"
"100880","201759","才麗竹WEB表示用コース表示名","2","3"
"100883","201765","才麗竹WEB表示用コース表示名","2","3"
"100884","201768","才麗竹WEB表示用コース表示名","2","3"
"100900","201799","才麗竹WEB表示用コース表示名","2","3"
"100903","201806","才麗竹WEB表示用コース表示名","2","3"
"100904","201808","才麗竹WEB表示用コース表示名","2","3"
"100906","201811","才麗竹WEB表示用コース表示名","2","3"
"100913","201826","才麗竹WEB表示用コース表示名","2","3"
"100917","201834","才麗竹WEB表示用コース表示名","2","3"
"100918","201836","才麗竹WEB表示用コース表示名","2","3"
"100919","201838","才麗竹WEB表示用コース表示名","2","3"
"100920","201839","才麗竹WEB表示用コース表示名","2","3"
"100920","201840","才麗竹WEB表示用コース表示名","2","3"
"100923","201846","才麗竹WEB表示用コース表示名","2","3"
"100770","201540","才麗竹WEB表示用コース表示名","2","3"
"100773","201546","才麗竹WEB表示用コース表示名","2","3"
"100775","201549","才麗竹WEB表示用コース表示名","2","3"
"100779","201558","才麗竹WEB表示用コース表示名","2","3"
"100782","201564","才麗竹WEB表示用コース表示名","2","3"
"100786","201571","才麗竹WEB表示用コース表示名","2","3"
"100787","201574","才麗竹WEB表示用コース表示名","2","3"
"100789","201578","才麗竹WEB表示用コース表示名","2","3"
"100791","201582","才麗竹WEB表示用コース表示名","2","3"
"100792","201583","才麗竹WEB表示用コース表示名","2","3"
"100793","201586","才麗竹WEB表示用コース表示名","2","3"
"100796","201592","才麗竹WEB表示用コース表示名","2","3"
"100813","201625","才麗竹WEB表示用コース表示名","2","3"
"100814","201627","才麗竹WEB表示用コース表示名","2","3"
"100818","201636","才麗竹WEB表示用コース表示名","2","3"
"100820","201639","才麗竹WEB表示用コース表示名","2","3"
"100823","201646","才麗竹WEB表示用コース表示名","2","3"
"100827","201653","才麗竹WEB表示用コース表示名","2","3"
"100828","201655","才麗竹WEB表示用コース表示名","2","3"
"100956","201912","才麗竹WEB表示用コース表示名","2","3"
"100958","201915","才麗竹WEB表示用コース表示名","2","3"
"100959","201918","才麗竹WEB表示用コース表示名","2","3"
"100972","201944","才麗竹WEB表示用コース表示名","2","3"
"100973","201945","才麗竹WEB表示用コース表示名","2","3"
"100974","201947","才麗竹WEB表示用コース表示名","2","3"
"100978","201956","才麗竹WEB表示用コース表示名","2","3"
"100979","201958","才麗竹WEB表示用コース表示名","2","3"
"100980","201959","才麗竹WEB表示用コース表示名","2","3"
"100986","201971","才麗竹WEB表示用コース表示名","2","3"
"100990","201980","才麗竹WEB表示用コース表示名","2","3"
"100997","201994","才麗竹WEB表示用コース表示名","2","3"
"100998","201995","才麗竹WEB表示用コース表示名","2","3"
"100024","200047","才麗竹WEB表示用コース表示名","2","3"
"100030","200059","才麗竹WEB表示用コース表示名","2","3"
"100030","200060","才麗竹WEB表示用コース表示名","2","3"
"100094","200188","才麗竹WEB表示用コース表示名","2","3"
"100100","200200","才麗竹WEB表示用コース表示名","2","3"
"100104","200208","才麗竹WEB表示用コース表示名","2","3"
"100109","200218","才麗竹WEB表示用コース表示名","2","3"
"100047","200094","才麗竹WEB表示用コース表示名","2","3"
"100049","200098","才麗竹WEB表示用コース表示名","2","3"
"100050","200100","才麗竹WEB表示用コース表示名","2","3"
"100053","200106","才麗竹WEB表示用コース表示名","2","3"
"100054","200108","才麗竹WEB表示用コース表示名","2","3"
"100055","200110","才麗竹WEB表示用コース表示名","2","3"
"100067","200133","才麗竹WEB表示用コース表示名","2","3"
"100071","200141","才麗竹WEB表示用コース表示名","2","3"
"100074","200147","才麗竹WEB表示用コース表示名","2","3"
"100080","200160","才麗竹WEB表示用コース表示名","2","3"
"100006","200012","才麗竹WEB表示用コース表示名","2","3"
"100013","200025","才麗竹WEB表示用コース表示名","2","3"
"100015","200030","才麗竹WEB表示用コース表示名","2","3"
"100016","200031","才麗竹WEB表示用コース表示名","2","3"
"100018","200036","才麗竹WEB表示用コース表示名","2","3"
"100019","200037","才麗竹WEB表示用コース表示名","2","3"
"100176","200351","才麗竹WEB表示用コース表示名","2","3"
"100184","200367","才麗竹WEB表示用コース表示名","2","3"
"100188","200375","才麗竹WEB表示用コース表示名","2","3"
"100189","200378","才麗竹WEB表示用コース表示名","2","3"
"100195","200390","才麗竹WEB表示用コース表示名","2","3"
"100274","200548","才麗竹WEB表示用コース表示名","2","3"
"100275","200549","才麗竹WEB表示用コース表示名","2","3"
"100279","200557","才麗竹WEB表示用コース表示名","2","3"
"100281","200562","才麗竹WEB表示用コース表示名","2","3"
"100208","200415","才麗竹WEB表示用コース表示名","2","3"
"100208","200416","才麗竹WEB表示用コース表示名","2","3"
"100212","200424","才麗竹WEB表示用コース表示名","2","3"
"100213","200425","才麗竹WEB表示用コース表示名","2","3"
"100213","200426","才麗竹WEB表示用コース表示名","2","3"
"100216","200432","才麗竹WEB表示用コース表示名","2","3"
"100220","200440","才麗竹WEB表示用コース表示名","2","3"
"100227","200453","才麗竹WEB表示用コース表示名","2","3"
"100227","200454","才麗竹WEB表示用コース表示名","2","3"
"100237","200473","才麗竹WEB表示用コース表示名","2","3"
"100243","200485","才麗竹WEB表示用コース表示名","2","3"
"100249","200498","才麗竹WEB表示用コース表示名","2","3"
"100250","200499","才麗竹WEB表示用コース表示名","2","3"
"100251","200501","才麗竹WEB表示用コース表示名","2","3"
"100257","200514","才麗竹WEB表示用コース表示名","2","3"
"100261","200521","才麗竹WEB表示用コース表示名","2","3"
"100263","200525","才麗竹WEB表示用コース表示名","2","3"
"100116","200231","才麗竹WEB表示用コース表示名","2","3"
"100119","200238","才麗竹WEB表示用コース表示名","2","3"
"100121","200242","才麗竹WEB表示用コース表示名","2","3"
"100124","200248","才麗竹WEB表示用コース表示名","2","3"
"100126","200252","才麗竹WEB表示用コース表示名","2","3"
"100127","200254","才麗竹WEB表示用コース表示名","2","3"
"100128","200255","才麗竹WEB表示用コース表示名","2","3"
"100128","200256","才麗竹WEB表示用コース表示名","2","3"
"100135","200269","才麗竹WEB表示用コース表示名","2","3"
"100144","200288","才麗竹WEB表示用コース表示名","2","3"
"100145","200289","才麗竹WEB表示用コース表示名","2","3"
"100146","200292","才麗竹WEB表示用コース表示名","2","3"
"100147","200294","才麗竹WEB表示用コース表示名","2","3"
"100148","200295","才麗竹WEB表示用コース表示名","2","3"
"100150","200300","才麗竹WEB表示用コース表示名","2","3"
"100151","200302","才麗竹WEB表示用コース表示名","2","3"
"100154","200308","才麗竹WEB表示用コース表示名","2","3"
"100162","200323","才麗竹WEB表示用コース表示名","2","3"
"100164","200327","才麗竹WEB表示用コース表示名","2","3"
"100164","200328","才麗竹WEB表示用コース表示名","2","3"
"100169","200338","才麗竹WEB表示用コース表示名","2","3"
"100172","200343","才麗竹WEB表示用コース表示名","2","3"
"100424","200848","才麗竹WEB表示用コース表示名","2","3"
"100427","200853","才麗竹WEB表示用コース表示名","2","3"
"100429","200858","才麗竹WEB表示用コース表示名","2","3"
"100286","200571","才麗竹WEB表示用コース表示名","2","3"
"100295","200589","才麗竹WEB表示用コース表示名","2","3"
"100295","200590","才麗竹WEB表示用コース表示名","2","3"
"100307","200614","才麗竹WEB表示用コース表示名","2","3"
"100312","200623","才麗竹WEB表示用コース表示名","2","3"
"100315","200630","才麗竹WEB表示用コース表示名","2","3"
"100323","200645","才麗竹WEB表示用コース表示名","2","3"
"100325","200650","才麗竹WEB表示用コース表示名","2","3"
"100328","200656","才麗竹WEB表示用コース表示名","2","3"
"100335","200669","才麗竹WEB表示用コース表示名","2","3"
"100336","200671","才麗竹WEB表示用コース表示名","2","3"
"100339","200677","才麗竹WEB表示用コース表示名","2","3"
"100341","200682","才麗竹WEB表示用コース表示名","2","3"
"100345","200690","才麗竹WEB表示用コース表示名","2","3"
"100348","200696","才麗竹WEB表示用コース表示名","2","3"
"100365","200729","才麗竹WEB表示用コース表示名","2","3"
"100366","200732","才麗竹WEB表示用コース表示名","2","3"
"100370","200739","才麗竹WEB表示用コース表示名","2","3"
"100384","200768","才麗竹WEB表示用コース表示名","2","3"
"100388","200776","才麗竹WEB表示用コース表示名","2","3"
"100393","200785","才麗竹WEB表示用コース表示名","2","3"
"100394","200788","才麗竹WEB表示用コース表示名","2","3"
"100403","200806","才麗竹WEB表示用コース表示名","2","3"
"100404","200807","才麗竹WEB表示用コース表示名","2","3"
"100405","200809","才麗竹WEB表示用コース表示名","2","3"
"100405","200810","才麗竹WEB表示用コース表示名","2","3"
"100411","200822","才麗竹WEB表示用コース表示名","2","3"
"100413","200826","才麗竹WEB表示用コース表示名","2","3"
"100416","200831","才麗竹WEB表示用コース表示名","2","3"
"100417","200834","才麗竹WEB表示用コース表示名","2","3"
"100506","201011","才麗竹WEB表示用コース表示名","2","3"
"100510","201020","才麗竹WEB表示用コース表示名","2","3"
"100511","201022","才麗竹WEB表示用コース表示名","2","3"
"100512","201023","才麗竹WEB表示用コース表示名","2","3"
"100519","201038","才麗竹WEB表示用コース表示名","2","3"
"100525","201049","才麗竹WEB表示用コース表示名","2","3"
"100527","201053","才麗竹WEB表示用コース表示名","2","3"
"100595","201190","才麗竹WEB表示用コース表示名","2","3"
"100598","201195","才麗竹WEB表示用コース表示名","2","3"
"100598","201196","才麗竹WEB表示用コース表示名","2","3"
"100602","201203","才麗竹WEB表示用コース表示名","2","3"
"100606","201212","才麗竹WEB表示用コース表示名","2","3"
"100529","201057","才麗竹WEB表示用コース表示名","2","3"
"100535","201070","才麗竹WEB表示用コース表示名","2","3"
"100537","201074","才麗竹WEB表示用コース表示名","2","3"
"100544","201088","才麗竹WEB表示用コース表示名","2","3"
"100546","201091","才麗竹WEB表示用コース表示名","2","3"
"100560","201119","才麗竹WEB表示用コース表示名","2","3"
"100563","201125","才麗竹WEB表示用コース表示名","2","3"
"100573","201146","才麗竹WEB表示用コース表示名","2","3"
"100580","201160","才麗竹WEB表示用コース表示名","2","3"
"100581","201162","才麗竹WEB表示用コース表示名","2","3"
"100582","201163","才麗竹WEB表示用コース表示名","2","3"
"100582","201164","才麗竹WEB表示用コース表示名","2","3"
"100588","201176","才麗竹WEB表示用コース表示名","2","3"
"100591","201182","才麗竹WEB表示用コース表示名","2","3"
"100440","200879","才麗竹WEB表示用コース表示名","2","3"
"100442","200883","才麗竹WEB表示用コース表示名","2","3"
"100444","200887","才麗竹WEB表示用コース表示名","2","3"
"100444","200888","才麗竹WEB表示用コース表示名","2","3"
"100449","200898","才麗竹WEB表示用コース表示名","2","3"
"100454","200907","才麗竹WEB表示用コース表示名","2","3"
"100455","200909","才麗竹WEB表示用コース表示名","2","3"
"100457","200914","才麗竹WEB表示用コース表示名","2","3"
"100459","200918","才麗竹WEB表示用コース表示名","2","3"
"100467","200933","才麗竹WEB表示用コース表示名","2","3"
"100471","200941","才麗竹WEB表示用コース表示名","2","3"
"100472","200943","才麗竹WEB表示用コース表示名","2","3"
"100473","200945","才麗竹WEB表示用コース表示名","2","3"
"100474","200947","才麗竹WEB表示用コース表示名","2","3"
"100474","200948","才麗竹WEB表示用コース表示名","2","3"
"100475","200950","才麗竹WEB表示用コース表示名","2","3"
"100481","200961","才麗竹WEB表示用コース表示名","2","3"
"100496","200992","才麗竹WEB表示用コース表示名","2","3"
"100501","201001","才麗竹WEB表示用コース表示名","2","3"
"100503","201005","才麗竹WEB表示用コース表示名","2","3"
"100505","201010","才麗竹WEB表示用コース表示名","2","3"
"100748","201495","才麗竹WEB表示用コース表示名","2","3"
"100752","201504","才麗竹WEB表示用コース表示名","2","3"
"100755","201509","才麗竹WEB表示用コース表示名","2","3"
"100759","201517","才麗竹WEB表示用コース表示名","2","3"
"100761","201521","才麗竹WEB表示用コース表示名","2","3"
"100764","201527","才麗竹WEB表示用コース表示名","2","3"
"100765","201529","才麗竹WEB表示用コース表示名","2","3"
"100769","201537","才麗竹WEB表示用コース表示名","2","3"
"100617","201234","才麗竹WEB表示用コース表示名","2","3"
"100619","201237","才麗竹WEB表示用コース表示名","2","3"
"100624","201247","才麗竹WEB表示用コース表示名","2","3"
"100628","201255","才麗竹WEB表示用コース表示名","2","3"
"100629","201257","才麗竹WEB表示用コース表示名","2","3"
"100644","201288","才麗竹WEB表示用コース表示名","2","3"
"100645","201290","才麗竹WEB表示用コース表示名","2","3"
"100649","201297","才麗竹WEB表示用コース表示名","2","3"
"100650","201300","才麗竹WEB表示用コース表示名","2","3"
"100664","201327","才麗竹WEB表示用コース表示名","2","3"
"100672","201344","才麗竹WEB表示用コース表示名","2","3"
"100673","201346","才麗竹WEB表示用コース表示名","2","3"
"100689","201378","才麗竹WEB表示用コース表示名","2","3"
"100692","201383","才麗竹WEB表示用コース表示名","2","3"
"100696","201392","才麗竹WEB表示用コース表示名","2","3"
"100698","201395","才麗竹WEB表示用コース表示名","2","3"
"100699","201397","才麗竹WEB表示用コース表示名","2","3"
"100699","201398","才麗竹WEB表示用コース表示名","2","3"
"100700","201399","才麗竹WEB表示用コース表示名","2","3"
"100701","201402","才麗竹WEB表示用コース表示名","2","3"
"100702","201403","才麗竹WEB表示用コース表示名","2","3"
"100703","201405","才麗竹WEB表示用コース表示名","2","3"
"100711","201421","才麗竹WEB表示用コース表示名","2","3"
"100713","201426","才麗竹WEB表示用コース表示名","2","3"
"100715","201429","才麗竹WEB表示用コース表示名","2","3"
"100719","201437","才麗竹WEB表示用コース表示名","2","3"
"100720","201439","才麗竹WEB表示用コース表示名","2","3"
"100721","201442","才麗竹WEB表示用コース表示名","2","3"
"100725","201449","才麗竹WEB表示用コース表示名","2","3"
"100728","201456","才麗竹WEB表示用コース表示名","2","3"
"100733","201466","才麗竹WEB表示用コース表示名","2","3"
"100736","201472","才麗竹WEB表示用コース表示名","2","3"
"100737","201474","才麗竹WEB表示用コース表示名","2","3"
"100739","201478","才麗竹WEB表示用コース表示名","2","3"
"100741","201482","才麗竹WEB表示用コース表示名","2","3"
"100744","201487","才麗竹WEB表示用コース表示名","2","3"
"100745","201489","才麗竹WEB表示用コース表示名","2","3"
"100840","201679","才麗竹WEB表示用コース表示名","2","3"
"100842","201683","才麗竹WEB表示用コース表示名","2","3"
"100843","201685","才麗竹WEB表示用コース表示名","2","3"
"100847","201693","才麗竹WEB表示用コース表示名","2","3"
"100847","201694","才麗竹WEB表示用コース表示名","2","3"
"100849","201697","才麗竹WEB表示用コース表示名","2","3"
"100852","201703","才麗竹WEB表示用コース表示名","2","3"
"100925","201849","才麗竹WEB表示用コース表示名","2","3"
"100925","201850","才麗竹WEB表示用コース表示名","2","3"
"100931","201862","才麗竹WEB表示用コース表示名","2","3"
"100944","201888","才麗竹WEB表示用コース表示名","2","3"
"100865","201729","才麗竹WEB表示用コース表示名","2","3"
"100868","201735","才麗竹WEB表示用コース表示名","2","3"
"100873","201745","才麗竹WEB表示用コース表示名","2","3"
"100873","201746","才麗竹WEB表示用コース表示名","2","3"
"100875","201750","才麗竹WEB表示用コース表示名","2","3"
"100878","201756","才麗竹WEB表示用コース表示名","2","3"
"100881","201762","才麗竹WEB表示用コース表示名","2","3"
"100882","201763","才麗竹WEB表示用コース表示名","2","3"
"100891","201782","才麗竹WEB表示用コース表示名","2","3"
"100892","201784","才麗竹WEB表示用コース表示名","2","3"
"100903","201805","才麗竹WEB表示用コース表示名","2","3"
"100904","201807","才麗竹WEB表示用コース表示名","2","3"
"100909","201817","才麗竹WEB表示用コース表示名","2","3"
"100909","201818","才麗竹WEB表示用コース表示名","2","3"
"100914","201828","才麗竹WEB表示用コース表示名","2","3"
"100915","201829","才麗竹WEB表示用コース表示名","2","3"
"100919","201837","才麗竹WEB表示用コース表示名","2","3"
"100777","201554","才麗竹WEB表示用コース表示名","2","3"
"100778","201555","才麗竹WEB表示用コース表示名","2","3"
"100783","201566","才麗竹WEB表示用コース表示名","2","3"
"100790","201579","才麗竹WEB表示用コース表示名","2","3"
"100795","201589","才麗竹WEB表示用コース表示名","2","3"
"100802","201604","才麗竹WEB表示用コース表示名","2","3"
"100803","201606","才麗竹WEB表示用コース表示名","2","3"
"100809","201618","才麗竹WEB表示用コース表示名","2","3"
"100815","201630","才麗竹WEB表示用コース表示名","2","3"
"100817","201634","才麗竹WEB表示用コース表示名","2","3"
"100822","201643","才麗竹WEB表示用コース表示名","2","3"
"100825","201649","才麗竹WEB表示用コース表示名","2","3"
"100829","201658","才麗竹WEB表示用コース表示名","2","3"
"100830","201659","才麗竹WEB表示用コース表示名","2","3"
"100946","201892","才麗竹WEB表示用コース表示名","2","3"
"100950","201900","才麗竹WEB表示用コース表示名","2","3"
"100956","201911","才麗竹WEB表示用コース表示名","2","3"
"100960","201920","才麗竹WEB表示用コース表示名","2","3"
"100961","201921","才麗竹WEB表示用コース表示名","2","3"
"100961","201922","才麗竹WEB表示用コース表示名","2","3"
"100963","201925","才麗竹WEB表示用コース表示名","2","3"
"100966","201932","才麗竹WEB表示用コース表示名","2","3"
"100970","201940","才麗竹WEB表示用コース表示名","2","3"
"100972","201943","才麗竹WEB表示用コース表示名","2","3"
"100976","201952","才麗竹WEB表示用コース表示名","2","3"
"100982","201963","才麗竹WEB表示用コース表示名","2","3"
"100987","201973","才麗竹WEB表示用コース表示名","2","3"
"100988","201975","才麗竹WEB表示用コース表示名","2","3"
"100997","201993","才麗竹WEB表示用コース表示名","2","3"
"100998","201996","才麗竹WEB表示用コース表示名","2","3"
"100026","200052","才麗竹WEB表示用コース表示名","2","3"
"100027","200053","才麗竹WEB表示用コース表示名","2","3"
"100033","200066","才麗竹WEB表示用コース表示名","2","3"
"100038","200076","才麗竹WEB表示用コース表示名","2","3"
"100039","200078","才麗竹WEB表示用コース表示名","2","3"
"100041","200082","才麗竹WEB表示用コース表示名","2","3"
"100088","200176","才麗竹WEB表示用コース表示名","2","3"
"100089","200177","才麗竹WEB表示用コース表示名","2","3"
"100107","200214","才麗竹WEB表示用コース表示名","2","3"
"100108","200215","才麗竹WEB表示用コース表示名","2","3"
"100044","200088","才麗竹WEB表示用コース表示名","2","3"
"100049","200097","才麗竹WEB表示用コース表示名","2","3"
"100050","200099","才麗竹WEB表示用コース表示名","2","3"
"100060","200119","才麗竹WEB表示用コース表示名","2","3"
"100062","200123","才麗竹WEB表示用コース表示名","2","3"
"100064","200127","才麗竹WEB表示用コース表示名","2","3"
"100077","200153","才麗竹WEB表示用コース表示名","2","3"
"100004","200008","才麗竹WEB表示用コース表示名","2","3"
"100007","200013","才麗竹WEB表示用コース表示名","2","3"
"100008","200015","才麗竹WEB表示用コース表示名","2","3"
"100014","200028","才麗竹WEB表示用コース表示名","2","3"
"100018","200035","才麗竹WEB表示用コース表示名","2","3"
"100189","200377","才麗竹WEB表示用コース表示名","2","3"
"100191","200382","才麗竹WEB表示用コース表示名","2","3"
"100193","200386","才麗竹WEB表示用コース表示名","2","3"
"100197","200394","才麗竹WEB表示用コース表示名","2","3"
"100265","200529","才麗竹WEB表示用コース表示名","2","3"
"100267","200534","才麗竹WEB表示用コース表示名","2","3"
"100268","200536","才麗竹WEB表示用コース表示名","2","3"
"100270","200540","才麗竹WEB表示用コース表示名","2","3"
"100277","200553","才麗竹WEB表示用コース表示名","2","3"
"100284","200567","才麗竹WEB表示用コース表示名","2","3"
"100284","200568","才麗竹WEB表示用コース表示名","2","3"
"100285","200569","才麗竹WEB表示用コース表示名","2","3"
"100285","200570","才麗竹WEB表示用コース表示名","2","3"
"100200","200400","才麗竹WEB表示用コース表示名","2","3"
"100201","200402","才麗竹WEB表示用コース表示名","2","3"
"100205","200410","才麗竹WEB表示用コース表示名","2","3"
"100217","200433","才麗竹WEB表示用コース表示名","2","3"
"100218","200436","才麗竹WEB表示用コース表示名","2","3"
"100231","200461","才麗竹WEB表示用コース表示名","2","3"
"100232","200463","才麗竹WEB表示用コース表示名","2","3"
"100234","200468","才麗竹WEB表示用コース表示名","2","3"
"100235","200469","才麗竹WEB表示用コース表示名","2","3"
"100236","200472","才麗竹WEB表示用コース表示名","2","3"
"100245","200490","才麗竹WEB表示用コース表示名","2","3"
"100246","200491","才麗竹WEB表示用コース表示名","2","3"
"100248","200495","才麗竹WEB表示用コース表示名","2","3"
"100254","200507","才麗竹WEB表示用コース表示名","2","3"
"100264","200527","才麗竹WEB表示用コース表示名","2","3"
"100110","200219","才麗竹WEB表示用コース表示名","2","3"
"100113","200225","才麗竹WEB表示用コース表示名","2","3"
"100115","200229","才麗竹WEB表示用コース表示名","2","3"
"100118","200236","才麗竹WEB表示用コース表示名","2","3"
"100122","200243","才麗竹WEB表示用コース表示名","2","3"
"100125","200249","才麗竹WEB表示用コース表示名","2","3"
"100134","200267","才麗竹WEB表示用コース表示名","2","3"
"100137","200274","才麗竹WEB表示用コース表示名","2","3"
"100138","200275","才麗竹WEB表示用コース表示名","2","3"
"100141","200282","才麗竹WEB表示用コース表示名","2","3"
"100146","200291","才麗竹WEB表示用コース表示名","2","3"
"100154","200307","才麗竹WEB表示用コース表示名","2","3"
"100156","200312","才麗竹WEB表示用コース表示名","2","3"
"100160","200320","才麗竹WEB表示用コース表示名","2","3"
"100162","200324","才麗竹WEB表示用コース表示名","2","3"
"100168","200335","才麗竹WEB表示用コース表示名","2","3"
"100418","200835","才麗竹WEB表示用コース表示名","2","3"
"100419","200838","才麗竹WEB表示用コース表示名","2","3"
"100420","200840","才麗竹WEB表示用コース表示名","2","3"
"100421","200842","才麗竹WEB表示用コース表示名","2","3"
"100423","200846","才麗竹WEB表示用コース表示名","2","3"
"100427","200854","才麗竹WEB表示用コース表示名","2","3"
"100431","200861","才麗竹WEB表示用コース表示名","2","3"
"100433","200865","才麗竹WEB表示用コース表示名","2","3"
"100437","200874","才麗竹WEB表示用コース表示名","2","3"
"100287","200574","才麗竹WEB表示用コース表示名","2","3"
"100289","200577","才麗竹WEB表示用コース表示名","2","3"
"100290","200579","才麗竹WEB表示用コース表示名","2","3"
"100297","200594","才麗竹WEB表示用コース表示名","2","3"
"100299","200597","才麗竹WEB表示用コース表示名","2","3"
"100302","200604","才麗竹WEB表示用コース表示名","2","3"
"100320","200639","才麗竹WEB表示用コース表示名","2","3"
"100321","200641","才麗竹WEB表示用コース表示名","2","3"
"100327","200654","才麗竹WEB表示用コース表示名","2","3"
"100330","200660","才麗竹WEB表示用コース表示名","2","3"
"100332","200663","才麗竹WEB表示用コース表示名","2","3"
"100334","200668","才麗竹WEB表示用コース表示名","2","3"
"100336","200672","才麗竹WEB表示用コース表示名","2","3"
"100339","200678","才麗竹WEB表示用コース表示名","2","3"
"100342","200684","才麗竹WEB表示用コース表示名","2","3"
"100343","200685","才麗竹WEB表示用コース表示名","2","3"
"100344","200688","才麗竹WEB表示用コース表示名","2","3"
"100348","200695","才麗竹WEB表示用コース表示名","2","3"
"100353","200706","才麗竹WEB表示用コース表示名","2","3"
"100354","200707","才麗竹WEB表示用コース表示名","2","3"
"100355","200709","才麗竹WEB表示用コース表示名","2","3"
"100356","200712","才麗竹WEB表示用コース表示名","2","3"
"100357","200714","才麗竹WEB表示用コース表示名","2","3"
"100361","200721","才麗竹WEB表示用コース表示名","2","3"
"100374","200748","才麗竹WEB表示用コース表示名","2","3"
"100380","200760","才麗竹WEB表示用コース表示名","2","3"
"100383","200765","才麗竹WEB表示用コース表示名","2","3"
"100385","200770","才麗竹WEB表示用コース表示名","2","3"
"100386","200772","才麗竹WEB表示用コース表示名","2","3"
"100391","200782","才麗竹WEB表示用コース表示名","2","3"
"100395","200789","才麗竹WEB表示用コース表示名","2","3"
"100396","200792","才麗竹WEB表示用コース表示名","2","3"
"100404","200808","才麗竹WEB表示用コース表示名","2","3"
"100408","200816","才麗竹WEB表示用コース表示名","2","3"
"100410","200819","才麗竹WEB表示用コース表示名","2","3"
"100506","201012","才麗竹WEB表示用コース表示名","2","3"
"100507","201013","才麗竹WEB表示用コース表示名","2","3"
"100507","201014","才麗竹WEB表示用コース表示名","2","3"
"100509","201017","才麗竹WEB表示用コース表示名","2","3"
"100516","201031","才麗竹WEB表示用コース表示名","2","3"
"100518","201036","才麗竹WEB表示用コース表示名","2","3"
"100522","201044","才麗竹WEB表示用コース表示名","2","3"
"100525","201050","才麗竹WEB表示用コース表示名","2","3"
"100527","201054","才麗竹WEB表示用コース表示名","2","3"
"100596","201191","才麗竹WEB表示用コース表示名","2","3"
"100600","201199","才麗竹WEB表示用コース表示名","2","3"
"100607","201213","才麗竹WEB表示用コース表示名","2","3"
"100613","201226","才麗竹WEB表示用コース表示名","2","3"
"100536","201072","才麗竹WEB表示用コース表示名","2","3"
"100542","201083","才麗竹WEB表示用コース表示名","2","3"
"100545","201089","才麗竹WEB表示用コース表示名","2","3"
"100545","201090","才麗竹WEB表示用コース表示名","2","3"
"100552","201103","才麗竹WEB表示用コース表示名","2","3"
"100555","201109","才麗竹WEB表示用コース表示名","2","3"
"100565","201130","才麗竹WEB表示用コース表示名","2","3"
"100567","201133","才麗竹WEB表示用コース表示名","2","3"
"100569","201138","才麗竹WEB表示用コース表示名","2","3"
"100583","201165","才麗竹WEB表示用コース表示名","2","3"
"100587","201173","才麗竹WEB表示用コース表示名","2","3"
"100441","200881","才麗竹WEB表示用コース表示名","2","3"
"100443","200885","才麗竹WEB表示用コース表示名","2","3"
"100445","200890","才麗竹WEB表示用コース表示名","2","3"
"100448","200896","才麗竹WEB表示用コース表示名","2","3"
"100452","200903","才麗竹WEB表示用コース表示名","2","3"
"100455","200910","才麗竹WEB表示用コース表示名","2","3"
"100462","200923","才麗竹WEB表示用コース表示名","2","3"
"100464","200927","才麗竹WEB表示用コース表示名","2","3"
"100465","200929","才麗竹WEB表示用コース表示名","2","3"
"100470","200939","才麗竹WEB表示用コース表示名","2","3"
"100471","200942","才麗竹WEB表示用コース表示名","2","3"
"100473","200946","才麗竹WEB表示用コース表示名","2","3"
"100475","200949","才麗竹WEB表示用コース表示名","2","3"
"100484","200967","才麗竹WEB表示用コース表示名","2","3"
"100485","200969","才麗竹WEB表示用コース表示名","2","3"
"100489","200977","才麗竹WEB表示用コース表示名","2","3"
"100493","200985","才麗竹WEB表示用コース表示名","2","3"
"100493","200986","才麗竹WEB表示用コース表示名","2","3"
"100498","200995","才麗竹WEB表示用コース表示名","2","3"
"100753","201505","才麗竹WEB表示用コース表示名","2","3"
"100754","201507","才麗竹WEB表示用コース表示名","2","3"
"100754","201508","才麗竹WEB表示用コース表示名","2","3"
"100757","201513","才麗竹WEB表示用コース表示名","2","3"
"100768","201536","才麗竹WEB表示用コース表示名","2","3"
"100620","201239","才麗竹WEB表示用コース表示名","2","3"
"100627","201253","才麗竹WEB表示用コース表示名","2","3"
"100632","201264","才麗竹WEB表示用コース表示名","2","3"
"100644","201287","才麗竹WEB表示用コース表示名","2","3"
"100645","201289","才麗竹WEB表示用コース表示名","2","3"
"100653","201306","才麗竹WEB表示用コース表示名","2","3"
"100654","201307","才麗竹WEB表示用コース表示名","2","3"
"100655","201309","才麗竹WEB表示用コース表示名","2","3"
"100657","201313","才麗竹WEB表示用コース表示名","2","3"
"100658","201316","才麗竹WEB表示用コース表示名","2","3"
"100662","201323","才麗竹WEB表示用コース表示名","2","3"
"100674","201347","才麗竹WEB表示用コース表示名","2","3"
"100676","201351","才麗竹WEB表示用コース表示名","2","3"
"100678","201355","才麗竹WEB表示用コース表示名","2","3"
"100679","201357","才麗竹WEB表示用コース表示名","2","3"
"100680","201360","才麗竹WEB表示用コース表示名","2","3"
"100683","201366","才麗竹WEB表示用コース表示名","2","3"
"100684","201368","才麗竹WEB表示用コース表示名","2","3"
"100689","201377","才麗竹WEB表示用コース表示名","2","3"
"100697","201393","才麗竹WEB表示用コース表示名","2","3"
"100698","201396","才麗竹WEB表示用コース表示名","2","3"
"100700","201400","才麗竹WEB表示用コース表示名","2","3"
"100705","201410","才麗竹WEB表示用コース表示名","2","3"
"100708","201415","才麗竹WEB表示用コース表示名","2","3"
"100714","201427","才麗竹WEB表示用コース表示名","2","3"
"100714","201428","才麗竹WEB表示用コース表示名","2","3"
"100717","201433","才麗竹WEB表示用コース表示名","2","3"
"100728","201455","才麗竹WEB表示用コース表示名","2","3"
"100735","201469","才麗竹WEB表示用コース表示名","2","3"
"100738","201475","才麗竹WEB表示用コース表示名","2","3"
"100740","201479","才麗竹WEB表示用コース表示名","2","3"
"100745","201490","才麗竹WEB表示用コース表示名","2","3"
"100746","201491","才麗竹WEB表示用コース表示名","2","3"
"100836","201671","才麗竹WEB表示用コース表示名","2","3"
"100837","201673","才麗竹WEB表示用コース表示名","2","3"
"100840","201680","才麗竹WEB表示用コース表示名","2","3"
"100845","201689","才麗竹WEB表示用コース表示名","2","3"
"100845","201690","才麗竹WEB表示用コース表示名","2","3"
"100850","201699","才麗竹WEB表示用コース表示名","2","3"
"100851","201702","才麗竹WEB表示用コース表示名","2","3"
"100852","201704","才麗竹WEB表示用コース表示名","2","3"
"100853","201706","才麗竹WEB表示用コース表示名","2","3"
"100930","201859","才麗竹WEB表示用コース表示名","2","3"
"100940","201879","才麗竹WEB表示用コース表示名","2","3"
"100861","201722","才麗竹WEB表示用コース表示名","2","3"
"100865","201730","才麗竹WEB表示用コース表示名","2","3"
"100870","201739","才麗竹WEB表示用コース表示名","2","3"
"100875","201749","才麗竹WEB表示用コース表示名","2","3"
"100877","201754","才麗竹WEB表示用コース表示名","2","3"
"100884","201767","才麗竹WEB表示用コース表示名","2","3"
"100885","201769","才麗竹WEB表示用コース表示名","2","3"
"100885","201770","才麗竹WEB表示用コース表示名","2","3"
"100887","201773","才麗竹WEB表示用コース表示名","2","3"
"100888","201775","才麗竹WEB表示用コース表示名","2","3"
"100899","201798","才麗竹WEB表示用コース表示名","2","3"
"100907","201814","才麗竹WEB表示用コース表示名","2","3"
"100908","201815","才麗竹WEB表示用コース表示名","2","3"
"100910","201820","才麗竹WEB表示用コース表示名","2","3"
"100911","201822","才麗竹WEB表示用コース表示名","2","3"
"100914","201827","才麗竹WEB表示用コース表示名","2","3"
"100915","201830","才麗竹WEB表示用コース表示名","2","3"
"100921","201841","才麗竹WEB表示用コース表示名","2","3"
"100773","201545","才麗竹WEB表示用コース表示名","2","3"
"100774","201547","才麗竹WEB表示用コース表示名","2","3"
"100777","201553","才麗竹WEB表示用コース表示名","2","3"
"100783","201565","才麗竹WEB表示用コース表示名","2","3"
"100797","201593","才麗竹WEB表示用コース表示名","2","3"
"100801","201601","才麗竹WEB表示用コース表示名","2","3"
"100801","201602","才麗竹WEB表示用コース表示名","2","3"
"100810","201619","才麗竹WEB表示用コース表示名","2","3"
"100811","201621","才麗竹WEB表示用コース表示名","2","3"
"100816","201631","才麗竹WEB表示用コース表示名","2","3"
"100816","201632","才麗竹WEB表示用コース表示名","2","3"
"100817","201633","才麗竹WEB表示用コース表示名","2","3"
"100818","201635","才麗竹WEB表示用コース表示名","2","3"
"100821","201642","才麗竹WEB表示用コース表示名","2","3"
"100833","201665","才麗竹WEB表示用コース表示名","2","3"
"100947","201894","才麗竹WEB表示用コース表示名","2","3"
"100952","201903","才麗竹WEB表示用コース表示名","2","3"
"100958","201916","才麗竹WEB表示用コース表示名","2","3"
"100963","201926","才麗竹WEB表示用コース表示名","2","3"
"100968","201935","才麗竹WEB表示用コース表示名","2","3"
"100968","201936","才麗竹WEB表示用コース表示名","2","3"
"100976","201951","才麗竹WEB表示用コース表示名","2","3"
"100982","201964","才麗竹WEB表示用コース表示名","2","3"
"100986","201972","才麗竹WEB表示用コース表示名","2","3"
"100989","201977","才麗竹WEB表示用コース表示名","2","3"
"100996","201992","才麗竹WEB表示用コース表示名","2","3"
"100032","200063","才麗竹WEB表示用コース表示名","2","3"
"100032","200064","才麗竹WEB表示用コース表示名","2","3"
"100038","200075","才麗竹WEB表示用コース表示名","2","3"
"100039","200077","才麗竹WEB表示用コース表示名","2","3"
"100042","200084","才麗竹WEB表示用コース表示名","2","3"
"100044","200087","才麗竹WEB表示用コース表示名","2","3"
"100092","200184","才麗竹WEB表示用コース表示名","2","3"
"100101","200201","才麗竹WEB表示用コース表示名","2","3"
"100102","200204","才麗竹WEB表示用コース表示名","2","3"
"100045","200089","才麗竹WEB表示用コース表示名","2","3"
"100052","200103","才麗竹WEB表示用コース表示名","2","3"
"100052","200104","才麗竹WEB表示用コース表示名","2","3"
"100056","200112","才麗竹WEB表示用コース表示名","2","3"
"100057","200113","才麗竹WEB表示用コース表示名","2","3"
"100068","200135","才麗竹WEB表示用コース表示名","2","3"
"100068","200136","才麗竹WEB表示用コース表示名","2","3"
"100073","200145","才麗竹WEB表示用コース表示名","2","3"
"100076","200151","才麗竹WEB表示用コース表示名","2","3"
"100079","200157","才麗竹WEB表示用コース表示名","2","3"
"100006","200011","才麗竹WEB表示用コース表示名","2","3"
"100177","200353","才麗竹WEB表示用コース表示名","2","3"
"100182","200363","才麗竹WEB表示用コース表示名","2","3"
"100185","200369","才麗竹WEB表示用コース表示名","2","3"
"100188","200376","才麗竹WEB表示用コース表示名","2","3"
"100190","200379","才麗竹WEB表示用コース表示名","2","3"
"100194","200387","才麗竹WEB表示用コース表示名","2","3"
"100194","200388","才麗竹WEB表示用コース表示名","2","3"
"100197","200393","才麗竹WEB表示用コース表示名","2","3"
"100273","200546","才麗竹WEB表示用コース表示名","2","3"
"100280","200560","才麗竹WEB表示用コース表示名","2","3"
"100210","200420","才麗竹WEB表示用コース表示名","2","3"
"100225","200449","才麗竹WEB表示用コース表示名","2","3"
"100229","200458","才麗竹WEB表示用コース表示名","2","3"
"100232","200464","才麗竹WEB表示用コース表示名","2","3"
"100237","200474","才麗竹WEB表示用コース表示名","2","3"
"100239","200477","才麗竹WEB表示用コース表示名","2","3"
"100245","200489","才麗竹WEB表示用コース表示名","2","3"
"100247","200494","才麗竹WEB表示用コース表示名","2","3"
"100253","200506","才麗竹WEB表示用コース表示名","2","3"
"100254","200508","才麗竹WEB表示用コース表示名","2","3"
"100263","200526","才麗竹WEB表示用コース表示名","2","3"
"100112","200223","才麗竹WEB表示用コース表示名","2","3"
"100123","200246","才麗竹WEB表示用コース表示名","2","3"
"100129","200258","才麗竹WEB表示用コース表示名","2","3"
"100131","200261","才麗竹WEB表示用コース表示名","2","3"
"100136","200271","才麗竹WEB表示用コース表示名","2","3"
"100138","200276","才麗竹WEB表示用コース表示名","2","3"
"100149","200297","才麗竹WEB表示用コース表示名","2","3"
"100152","200303","才麗竹WEB表示用コース表示名","2","3"
"100153","200306","才麗竹WEB表示用コース表示名","2","3"
"100165","200329","才麗竹WEB表示用コース表示名","2","3"
"100165","200330","才麗竹WEB表示用コース表示名","2","3"
"100171","200342","才麗竹WEB表示用コース表示名","2","3"
"100175","200349","才麗竹WEB表示用コース表示名","2","3"
"100420","200839","才麗竹WEB表示用コース表示名","2","3"
"100421","200841","才麗竹WEB表示用コース表示名","2","3"
"100422","200843","才麗竹WEB表示用コース表示名","2","3"
"100424","200847","才麗竹WEB表示用コース表示名","2","3"
"100433","200866","才麗竹WEB表示用コース表示名","2","3"
"100434","200868","才麗竹WEB表示用コース表示名","2","3"
"100438","200876","才麗竹WEB表示用コース表示名","2","3"
"100298","200596","才麗竹WEB表示用コース表示名","2","3"
"100301","200601","才麗竹WEB表示用コース表示名","2","3"
"100303","200605","才麗竹WEB表示用コース表示名","2","3"
"100305","200609","才麗竹WEB表示用コース表示名","2","3"
"100306","200611","才麗竹WEB表示用コース表示名","2","3"
"100306","200612","才麗竹WEB表示用コース表示名","2","3"
"100316","200631","才麗竹WEB表示用コース表示名","2","3"
"100319","200637","才麗竹WEB表示用コース表示名","2","3"
"100333","200665","才麗竹WEB表示用コース表示名","2","3"
"100335","200670","才麗竹WEB表示用コース表示名","2","3"
"100342","200683","才麗竹WEB表示用コース表示名","2","3"
"100345","200689","才麗竹WEB表示用コース表示名","2","3"
"100349","200697","才麗竹WEB表示用コース表示名","2","3"
"100349","200698","才麗竹WEB表示用コース表示名","2","3"
"100351","200701","才麗竹WEB表示用コース表示名","2","3"
"100352","200703","才麗竹WEB表示用コース表示名","2","3"
"100356","200711","才麗竹WEB表示用コース表示名","2","3"
"100363","200725","才麗竹WEB表示用コース表示名","2","3"
"100371","200741","才麗竹WEB表示用コース表示名","2","3"
"100381","200761","才麗竹WEB表示用コース表示名","2","3"
"100383","200766","才麗竹WEB表示用コース表示名","2","3"
"100384","200767","才麗竹WEB表示用コース表示名","2","3"
"100391","200781","才麗竹WEB表示用コース表示名","2","3"
"100395","200790","才麗竹WEB表示用コース表示名","2","3"
"100398","200796","才麗竹WEB表示用コース表示名","2","3"
"100403","200805","才麗竹WEB表示用コース表示名","2","3"
"100407","200813","才麗竹WEB表示用コース表示名","2","3"
"100412","200824","才麗竹WEB表示用コース表示名","2","3"
"100510","201019","才麗竹WEB表示用コース表示名","2","3"
"100514","201028","才麗竹WEB表示用コース表示名","2","3"
"100521","201041","才麗竹WEB表示用コース表示名","2","3"
"100528","201055","才麗竹WEB表示用コース表示名","2","3"
"100597","201194","才麗竹WEB表示用コース表示名","2","3"
"100601","201201","才麗竹WEB表示用コース表示名","2","3"
"100610","201220","才麗竹WEB表示用コース表示名","2","3"
"100612","201224","才麗竹WEB表示用コース表示名","2","3"
"100613","201225","才麗竹WEB表示用コース表示名","2","3"
"100614","201228","才麗竹WEB表示用コース表示名","2","3"
"100530","201059","才麗竹WEB表示用コース表示名","2","3"
"100539","201077","才麗竹WEB表示用コース表示名","2","3"
"100540","201079","才麗竹WEB表示用コース表示名","2","3"
"100541","201082","才麗竹WEB表示用コース表示名","2","3"
"100551","201101","才麗竹WEB表示用コース表示名","2","3"
"100554","201108","才麗竹WEB表示用コース表示名","2","3"
"100556","201111","才麗竹WEB表示用コース表示名","2","3"
"100561","201121","才麗竹WEB表示用コース表示名","2","3"
"100581","201161","才麗竹WEB表示用コース表示名","2","3"
"100586","201171","才麗竹WEB表示用コース表示名","2","3"
"100588","201175","才麗竹WEB表示用コース表示名","2","3"
"100590","201179","才麗竹WEB表示用コース表示名","2","3"
"100590","201180","才麗竹WEB表示用コース表示名","2","3"
"100592","201183","才麗竹WEB表示用コース表示名","2","3"
"100593","201185","才麗竹WEB表示用コース表示名","2","3"
"100594","201187","才麗竹WEB表示用コース表示名","2","3"
"100445","200889","才麗竹WEB表示用コース表示名","2","3"
"100447","200893","才麗竹WEB表示用コース表示名","2","3"
"100450","200899","才麗竹WEB表示用コース表示名","2","3"
"100452","200904","才麗竹WEB表示用コース表示名","2","3"
"100461","200922","才麗竹WEB表示用コース表示名","2","3"
"100465","200930","才麗竹WEB表示用コース表示名","2","3"
"100467","200934","才麗竹WEB表示用コース表示名","2","3"
"100476","200951","才麗竹WEB表示用コース表示名","2","3"
"100477","200954","才麗竹WEB表示用コース表示名","2","3"
"100479","200958","才麗竹WEB表示用コース表示名","2","3"
"100480","200960","才麗竹WEB表示用コース表示名","2","3"
"100483","200966","才麗竹WEB表示用コース表示名","2","3"
"100495","200990","才麗竹WEB表示用コース表示名","2","3"
"100496","200991","才麗竹WEB表示用コース表示名","2","3"
"100501","201002","才麗竹WEB表示用コース表示名","2","3"
"100503","201006","才麗竹WEB表示用コース表示名","2","3"
"100748","201496","才麗竹WEB表示用コース表示名","2","3"
"100750","201499","才麗竹WEB表示用コース表示名","2","3"
"100753","201506","才麗竹WEB表示用コース表示名","2","3"
"100756","201512","才麗竹WEB表示用コース表示名","2","3"
"100758","201515","才麗竹WEB表示用コース表示名","2","3"
"100761","201522","才麗竹WEB表示用コース表示名","2","3"
"100762","201523","才麗竹WEB表示用コース表示名","2","3"
"100763","201526","才麗竹WEB表示用コース表示名","2","3"
"100616","201231","才麗竹WEB表示用コース表示名","2","3"
"100618","201236","才麗竹WEB表示用コース表示名","2","3"
"100621","201241","才麗竹WEB表示用コース表示名","2","3"
"100631","201262","才麗竹WEB表示用コース表示名","2","3"
"100634","201268","才麗竹WEB表示用コース表示名","2","3"
"100636","201272","才麗竹WEB表示用コース表示名","2","3"
"100651","201301","才麗竹WEB表示用コース表示名","2","3"
"100652","201304","才麗竹WEB表示用コース表示名","2","3"
"100653","201305","才麗竹WEB表示用コース表示名","2","3"
"100656","201311","才麗竹WEB表示用コース表示名","2","3"
"100657","201314","才麗竹WEB表示用コース表示名","2","3"
"100666","201332","才麗竹WEB表示用コース表示名","2","3"
"100668","201335","才麗竹WEB表示用コース表示名","2","3"
"100680","201359","才麗竹WEB表示用コース表示名","2","3"
"100682","201363","才麗竹WEB表示用コース表示名","2","3"
"100682","201364","才麗竹WEB表示用コース表示名","2","3"
"100686","201371","才麗竹WEB表示用コース表示名","2","3"
"100686","201372","才麗竹WEB表示用コース表示名","2","3"
"100687","201374","才麗竹WEB表示用コース表示名","2","3"
"100688","201376","才麗竹WEB表示用コース表示名","2","3"
"100696","201391","才麗竹WEB表示用コース表示名","2","3"
"100704","201408","才麗竹WEB表示用コース表示名","2","3"
"100709","201418","才麗竹WEB表示用コース表示名","2","3"
"100712","201423","才麗竹WEB表示用コース表示名","2","3"
"100718","201435","才麗竹WEB表示用コース表示名","2","3"
"100725","201450","才麗竹WEB表示用コース表示名","2","3"
"100729","201457","才麗竹WEB表示用コース表示名","2","3"
"100729","201458","才麗竹WEB表示用コース表示名","2","3"
"100732","201464","才麗竹WEB表示用コース表示名","2","3"
"100838","201676","才麗竹WEB表示用コース表示名","2","3"
"100841","201682","才麗竹WEB表示用コース表示名","2","3"
"100846","201692","才麗竹WEB表示用コース表示名","2","3"
"100848","201696","才麗竹WEB表示用コース表示名","2","3"
"100924","201848","才麗竹WEB表示用コース表示名","2","3"
"100926","201852","才麗竹WEB表示用コース表示名","2","3"
"100928","201855","才麗竹WEB表示用コース表示名","2","3"
"100938","201876","才麗竹WEB表示用コース表示名","2","3"
"100939","201877","才麗竹WEB表示用コース表示名","2","3"
"100943","201886","才麗竹WEB表示用コース表示名","2","3"
"100871","201742","才麗竹WEB表示用コース表示名","2","3"
"100882","201764","才麗竹WEB表示用コース表示名","2","3"
"100886","201771","才麗竹WEB表示用コース表示名","2","3"
"100891","201781","才麗竹WEB表示用コース表示名","2","3"
"100893","201785","才麗竹WEB表示用コース表示名","2","3"
"100894","201787","才麗竹WEB表示用コース表示名","2","3"
"100894","201788","才麗竹WEB表示用コース表示名","2","3"
"100896","201791","才麗竹WEB表示用コース表示名","2","3"
"100900","201800","才麗竹WEB表示用コース表示名","2","3"
"100901","201802","才麗竹WEB表示用コース表示名","2","3"
"100902","201803","才麗竹WEB表示用コース表示名","2","3"
"100912","201824","才麗竹WEB表示用コース表示名","2","3"
"100771","201542","才麗竹WEB表示用コース表示名","2","3"
"100772","201544","才麗竹WEB表示用コース表示名","2","3"
"100776","201551","才麗竹WEB表示用コース表示名","2","3"
"100779","201557","才麗竹WEB表示用コース表示名","2","3"
"100784","201568","才麗竹WEB表示用コース表示名","2","3"
"100785","201570","才麗竹WEB表示用コース表示名","2","3"
"100792","201584","才麗竹WEB表示用コース表示名","2","3"
"100793","201585","才麗竹WEB表示用コース表示名","2","3"
"100798","201596","才麗竹WEB表示用コース表示名","2","3"
"100805","201610","才麗竹WEB表示用コース表示名","2","3"
"100806","201611","才麗竹WEB表示用コース表示名","2","3"
"100808","201616","才麗竹WEB表示用コース表示名","2","3"
"100814","201628","才麗竹WEB表示用コース表示名","2","3"
"100815","201629","才麗竹WEB表示用コース表示名","2","3"
"100819","201638","才麗竹WEB表示用コース表示名","2","3"
"100827","201654","才麗竹WEB表示用コース表示名","2","3"
"100831","201662","才麗竹WEB表示用コース表示名","2","3"
"100947","201893","才麗竹WEB表示用コース表示名","2","3"
"100953","201906","才麗竹WEB表示用コース表示名","2","3"
"100954","201907","才麗竹WEB表示用コース表示名","2","3"
"100955","201909","才麗竹WEB表示用コース表示名","2","3"
"100962","201924","才麗竹WEB表示用コース表示名","2","3"
"100965","201930","才麗竹WEB表示用コース表示名","2","3"
"100967","201933","才麗竹WEB表示用コース表示名","2","3"
"100969","201938","才麗竹WEB表示用コース表示名","2","3"
"100977","201953","才麗竹WEB表示用コース表示名","2","3"
"100977","201954","才麗竹WEB表示用コース表示名","2","3"
"100979","201957","才麗竹WEB表示用コース表示名","2","3"
"100981","201961","才麗竹WEB表示用コース表示名","2","3"
"100987","201974","才麗竹WEB表示用コース表示名","2","3"
"100994","201987","才麗竹WEB表示用コース表示名","2","3"
"101000","202000","才麗竹WEB表示用コース表示名","2","3"
"100028","200055","才麗竹WEB表示用コース表示名","2","3"
"100029","200058","才麗竹WEB表示用コース表示名","2","3"
"100035","200069","才麗竹WEB表示用コース表示名","2","3"
"100036","200071","才麗竹WEB表示用コース表示名","2","3"
"100042","200083","才麗竹WEB表示用コース表示名","2","3"
"100043","200086","才麗竹WEB表示用コース表示名","2","3"
"100092","200183","才麗竹WEB表示用コース表示名","2","3"
"100096","200191","才麗竹WEB表示用コース表示名","2","3"
"100097","200193","才麗竹WEB表示用コース表示名","2","3"
"100101","200202","才麗竹WEB表示用コース表示名","2","3"
"100046","200091","才麗竹WEB表示用コース表示名","2","3"
"100048","200096","才麗竹WEB表示用コース表示名","2","3"
"100055","200109","才麗竹WEB表示用コース表示名","2","3"
"100056","200111","才麗竹WEB表示用コース表示名","2","3"
"100058","200116","才麗竹WEB表示用コース表示名","2","3"
"100060","200120","才麗竹WEB表示用コース表示名","2","3"
"100064","200128","才麗竹WEB表示用コース表示名","2","3"
"100065","200129","才麗竹WEB表示用コース表示名","2","3"
"100069","200138","才麗竹WEB表示用コース表示名","2","3"
"100070","200139","才麗竹WEB表示用コース表示名","2","3"
"100073","200146","才麗竹WEB表示用コース表示名","2","3"
"100075","200149","才麗竹WEB表示用コース表示名","2","3"
"100075","200150","才麗竹WEB表示用コース表示名","2","3"
"100076","200152","才麗竹WEB表示用コース表示名","2","3"
"100077","200154","才麗竹WEB表示用コース表示名","2","3"
"100002","200003","才麗竹WEB表示用コース表示名","2","3"
"100003","200005","才麗竹WEB表示用コース表示名","2","3"
"100004","200007","才麗竹WEB表示用コース表示名","2","3"
"100005","200009","才麗竹WEB表示用コース表示名","2","3"
"100009","200017","才麗竹WEB表示用コース表示名","2","3"
"100015","200029","才麗竹WEB表示用コース表示名","2","3"
"100176","200352","才麗竹WEB表示用コース表示名","2","3"
"100184","200368","才麗竹WEB表示用コース表示名","2","3"
"100186","200371","才麗竹WEB表示用コース表示名","2","3"
"100187","200373","才麗竹WEB表示用コース表示名","2","3"
"100196","200392","才麗竹WEB表示用コース表示名","2","3"
"100269","200538","才麗竹WEB表示用コース表示名","2","3"
"100271","200541","才麗竹WEB表示用コース表示名","2","3"
"100276","200551","才麗竹WEB表示用コース表示名","2","3"
"100278","200555","才麗竹WEB表示用コース表示名","2","3"
"100278","200556","才麗竹WEB表示用コース表示名","2","3"
"100281","200561","才麗竹WEB表示用コース表示名","2","3"
"100282","200564","才麗竹WEB表示用コース表示名","2","3"
"100198","200396","才麗竹WEB表示用コース表示名","2","3"
"100201","200401","才麗竹WEB表示用コース表示名","2","3"
"100202","200404","才麗竹WEB表示用コース表示名","2","3"
"100206","200412","才麗竹WEB表示用コース表示名","2","3"
"100207","200414","才麗竹WEB表示用コース表示名","2","3"
"100214","200427","才麗竹WEB表示用コース表示名","2","3"
"100216","200431","才麗竹WEB表示用コース表示名","2","3"
"100219","200438","才麗竹WEB表示用コース表示名","2","3"
"100223","200446","才麗竹WEB表示用コース表示名","2","3"
"100224","200448","才麗竹WEB表示用コース表示名","2","3"
"100226","200452","才麗竹WEB表示用コース表示名","2","3"
"100228","200455","才麗竹WEB表示用コース表示名","2","3"
"100228","200456","才麗竹WEB表示用コース表示名","2","3"
"100230","200459","才麗竹WEB表示用コース表示名","2","3"
"100235","200470","才麗竹WEB表示用コース表示名","2","3"
"100238","200475","才麗竹WEB表示用コース表示名","2","3"
"100242","200483","才麗竹WEB表示用コース表示名","2","3"
"100252","200503","才麗竹WEB表示用コース表示名","2","3"
"100259","200517","才麗竹WEB表示用コース表示名","2","3"
"100110","200220","才麗竹WEB表示用コース表示名","2","3"
"100111","200222","才麗竹WEB表示用コース表示名","2","3"
"100112","200224","才麗竹WEB表示用コース表示名","2","3"
"100117","200234","才麗竹WEB表示用コース表示名","2","3"
"100120","200240","才麗竹WEB表示用コース表示名","2","3"
"100129","200257","才麗竹WEB表示用コース表示名","2","3"
"100143","200285","才麗竹WEB表示用コース表示名","2","3"
"100143","200286","才麗竹WEB表示用コース表示名","2","3"
"100144","200287","才麗竹WEB表示用コース表示名","2","3"
"100147","200293","才麗竹WEB表示用コース表示名","2","3"
"100149","200298","才麗竹WEB表示用コース表示名","2","3"
"100157","200314","才麗竹WEB表示用コース表示名","2","3"
"100166","200331","才麗竹WEB表示用コース表示名","2","3"
"100167","200334","才麗竹WEB表示用コース表示名","2","3"
"100168","200336","才麗竹WEB表示用コース表示名","2","3"
"100422","200844","才麗竹WEB表示用コース表示名","2","3"
"100425","200849","才麗竹WEB表示用コース表示名","2","3"
"100428","200856","才麗竹WEB表示用コース表示名","2","3"
"100435","200869","才麗竹WEB表示用コース表示名","2","3"
"100287","200573","才麗竹WEB表示用コース表示名","2","3"
"100289","200578","才麗竹WEB表示用コース表示名","2","3"
"100291","200581","才麗竹WEB表示用コース表示名","2","3"
"100293","200586","才麗竹WEB表示用コース表示名","2","3"
"100294","200588","才麗竹WEB表示用コース表示名","2","3"
"100298","200595","才麗竹WEB表示用コース表示名","2","3"
"100305","200610","才麗竹WEB表示用コース表示名","2","3"
"100308","200616","才麗竹WEB表示用コース表示名","2","3"
"100310","200619","才麗竹WEB表示用コース表示名","2","3"
"100313","200626","才麗竹WEB表示用コース表示名","2","3"
"100317","200634","才麗竹WEB表示用コース表示名","2","3"
"100318","200636","才麗竹WEB表示用コース表示名","2","3"
"100321","200642","才麗竹WEB表示用コース表示名","2","3"
"100322","200644","才麗竹WEB表示用コース表示名","2","3"
"100328","200655","才麗竹WEB表示用コース表示名","2","3"
"100330","200659","才麗竹WEB表示用コース表示名","2","3"
"100332","200664","才麗竹WEB表示用コース表示名","2","3"
"100338","200675","才麗竹WEB表示用コース表示名","2","3"
"100340","200679","才麗竹WEB表示用コース表示名","2","3"
"100344","200687","才麗竹WEB表示用コース表示名","2","3"
"100347","200694","才麗竹WEB表示用コース表示名","2","3"
"100350","200699","才麗竹WEB表示用コース表示名","2","3"
"100355","200710","才麗竹WEB表示用コース表示名","2","3"
"100370","200740","才麗竹WEB表示用コース表示名","2","3"
"100373","200745","才麗竹WEB表示用コース表示名","2","3"
"100377","200753","才麗竹WEB表示用コース表示名","2","3"
"100377","200754","才麗竹WEB表示用コース表示名","2","3"
"100379","200757","才麗竹WEB表示用コース表示名","2","3"
"100382","200763","才麗竹WEB表示用コース表示名","2","3"
"100400","200800","才麗竹WEB表示用コース表示名","2","3"
"100401","200802","才麗竹WEB表示用コース表示名","2","3"
"100402","200804","才麗竹WEB表示用コース表示名","2","3"
"100415","200829","才麗竹WEB表示用コース表示名","2","3"
"100522","201043","才麗竹WEB表示用コース表示名","2","3"
"100523","201046","才麗竹WEB表示用コース表示名","2","3"
"100596","201192","才麗竹WEB表示用コース表示名","2","3"
"100604","201208","才麗竹WEB表示用コース表示名","2","3"
"100608","201216","才麗竹WEB表示用コース表示名","2","3"
"100611","201222","才麗竹WEB表示用コース表示名","2","3"
"100614","201227","才麗竹WEB表示用コース表示名","2","3"
"100528","201056","才麗竹WEB表示用コース表示名","2","3"
"100532","201064","才麗竹WEB表示用コース表示名","2","3"
"100539","201078","才麗竹WEB表示用コース表示名","2","3"
"100550","201099","才麗竹WEB表示用コース表示名","2","3"
"100553","201106","才麗竹WEB表示用コース表示名","2","3"
"100556","201112","才麗竹WEB表示用コース表示名","2","3"
"100558","201116","才麗竹WEB表示用コース表示名","2","3"
"100563","201126","才麗竹WEB表示用コース表示名","2","3"
"100564","201128","才麗竹WEB表示用コース表示名","2","3"
"100568","201135","才麗竹WEB表示用コース表示名","2","3"
"100571","201142","才麗竹WEB表示用コース表示名","2","3"
"100573","201145","才麗竹WEB表示用コース表示名","2","3"
"100576","201151","才麗竹WEB表示用コース表示名","2","3"
"100576","201152","才麗竹WEB表示用コース表示名","2","3"
"100577","201153","才麗竹WEB表示用コース表示名","2","3"
"100578","201155","才麗竹WEB表示用コース表示名","2","3"
"100584","201168","才麗竹WEB表示用コース表示名","2","3"
"100440","200880","才麗竹WEB表示用コース表示名","2","3"
"100449","200897","才麗竹WEB表示用コース表示名","2","3"
"100454","200908","才麗竹WEB表示用コース表示名","2","3"
"100457","200913","才麗竹WEB表示用コース表示名","2","3"
"100458","200915","才麗竹WEB表示用コース表示名","2","3"
"100459","200917","才麗竹WEB表示用コース表示名","2","3"
"100461","200921","才麗竹WEB表示用コース表示名","2","3"
"100468","200936","才麗竹WEB表示用コース表示名","2","3"
"100469","200937","才麗竹WEB表示用コース表示名","2","3"
"100472","200944","才麗竹WEB表示用コース表示名","2","3"
"100481","200962","才麗竹WEB表示用コース表示名","2","3"
"100485","200970","才麗竹WEB表示用コース表示名","2","3"
"100486","200972","才麗竹WEB表示用コース表示名","2","3"
"100487","200973","才麗竹WEB表示用コース表示名","2","3"
"100497","200994","才麗竹WEB表示用コース表示名","2","3"
"100500","200999","才麗竹WEB表示用コース表示名","2","3"
"100749","201497","才麗竹WEB表示用コース表示名","2","3"
"100757","201514","才麗竹WEB表示用コース表示名","2","3"
"100759","201518","才麗竹WEB表示用コース表示名","2","3"
"100762","201524","才麗竹WEB表示用コース表示名","2","3"
"100768","201535","才麗竹WEB表示用コース表示名","2","3"
"100620","201240","才麗竹WEB表示用コース表示名","2","3"
"100625","201250","才麗竹WEB表示用コース表示名","2","3"
"100630","201259","才麗竹WEB表示用コース表示名","2","3"
"100631","201261","才麗竹WEB表示用コース表示名","2","3"
"100632","201263","才麗竹WEB表示用コース表示名","2","3"
"100635","201269","才麗竹WEB表示用コース表示名","2","3"
"100637","201273","才麗竹WEB表示用コース表示名","2","3"
"100638","201275","才麗竹WEB表示用コース表示名","2","3"
"100641","201282","才麗竹WEB表示用コース表示名","2","3"
"100648","201296","才麗竹WEB表示用コース表示名","2","3"
"100656","201312","才麗竹WEB表示用コース表示名","2","3"
"100659","201317","才麗竹WEB表示用コース表示名","2","3"
"100661","201322","才麗竹WEB表示用コース表示名","2","3"
"100672","201343","才麗竹WEB表示用コース表示名","2","3"
"100674","201348","才麗竹WEB表示用コース表示名","2","3"
"100677","201353","才麗竹WEB表示用コース表示名","2","3"
"100677","201354","才麗竹WEB表示用コース表示名","2","3"
"100681","201362","才麗竹WEB表示用コース表示名","2","3"
"100683","201365","才麗竹WEB表示用コース表示名","2","3"
"100684","201367","才麗竹WEB表示用コース表示名","2","3"
"100685","201369","才麗竹WEB表示用コース表示名","2","3"
"100687","201373","才麗竹WEB表示用コース表示名","2","3"
"100690","201379","才麗竹WEB表示用コース表示名","2","3"
"100692","201384","才麗竹WEB表示用コース表示名","2","3"
"100693","201385","才麗竹WEB表示用コース表示名","2","3"
"100693","201386","才麗竹WEB表示用コース表示名","2","3"
"100694","201388","才麗竹WEB表示用コース表示名","2","3"
"100695","201389","才麗竹WEB表示用コース表示名","2","3"
"100704","201407","才麗竹WEB表示用コース表示名","2","3"
"100710","201419","才麗竹WEB表示用コース表示名","2","3"
"100710","201420","才麗竹WEB表示用コース表示名","2","3"
"100711","201422","才麗竹WEB表示用コース表示名","2","3"
"100717","201434","才麗竹WEB表示用コース表示名","2","3"
"100720","201440","才麗竹WEB表示用コース表示名","2","3"
"100721","201441","才麗竹WEB表示用コース表示名","2","3"
"100722","201444","才麗竹WEB表示用コース表示名","2","3"
"100723","201446","才麗竹WEB表示用コース表示名","2","3"
"100730","201460","才麗竹WEB表示用コース表示名","2","3"
"100731","201462","才麗竹WEB表示用コース表示名","2","3"
"100735","201470","才麗竹WEB表示用コース表示名","2","3"
"100737","201473","才麗竹WEB表示用コース表示名","2","3"
"100741","201481","才麗竹WEB表示用コース表示名","2","3"
"100742","201483","才麗竹WEB表示用コース表示名","2","3"
"100838","201675","才麗竹WEB表示用コース表示名","2","3"
"100839","201677","才麗竹WEB表示用コース表示名","2","3"
"100857","201714","才麗竹WEB表示用コース表示名","2","3"
"100933","201865","才麗竹WEB表示用コース表示名","2","3"
"100934","201867","才麗竹WEB表示用コース表示名","2","3"
"100935","201870","才麗竹WEB表示用コース表示名","2","3"
"100936","201872","才麗竹WEB表示用コース表示名","2","3"
"100938","201875","才麗竹WEB表示用コース表示名","2","3"
"100940","201880","才麗竹WEB表示用コース表示名","2","3"
"100943","201885","才麗竹WEB表示用コース表示名","2","3"
"100860","201720","才麗竹WEB表示用コース表示名","2","3"
"100862","201723","才麗竹WEB表示用コース表示名","2","3"
"100862","201724","才麗竹WEB表示用コース表示名","2","3"
"100863","201725","才麗竹WEB表示用コース表示名","2","3"
"100866","201731","才麗竹WEB表示用コース表示名","2","3"
"100866","201732","才麗竹WEB表示用コース表示名","2","3"
"100869","201738","才麗竹WEB表示用コース表示名","2","3"
"100870","201740","才麗竹WEB表示用コース表示名","2","3"
"100890","201779","才麗竹WEB表示用コース表示名","2","3"
"100890","201780","才麗竹WEB表示用コース表示名","2","3"
"100897","201793","才麗竹WEB表示用コース表示名","2","3"
"100908","201816","才麗竹WEB表示用コース表示名","2","3"
"100910","201819","才麗竹WEB表示用コース表示名","2","3"
"100912","201823","才麗竹WEB表示用コース表示名","2","3"
"100913","201825","才麗竹WEB表示用コース表示名","2","3"
"100916","201832","才麗竹WEB表示用コース表示名","2","3"
"100921","201842","才麗竹WEB表示用コース表示名","2","3"
"100775","201550","才麗竹WEB表示用コース表示名","2","3"
"100780","201559","才麗竹WEB表示用コース表示名","2","3"
"100785","201569","才麗竹WEB表示用コース表示名","2","3"
"100789","201577","才麗竹WEB表示用コース表示名","2","3"
"100794","201588","才麗竹WEB表示用コース表示名","2","3"
"100795","201590","才麗竹WEB表示用コース表示名","2","3"
"100802","201603","才麗竹WEB表示用コース表示名","2","3"
"100804","201607","才麗竹WEB表示用コース表示名","2","3"
"100804","201608","才麗竹WEB表示用コース表示名","2","3"
"100805","201609","才麗竹WEB表示用コース表示名","2","3"
"100807","201613","才麗竹WEB表示用コース表示名","2","3"
"100810","201620","才麗竹WEB表示用コース表示名","2","3"
"100820","201640","才麗竹WEB表示用コース表示名","2","3"
"100823","201645","才麗竹WEB表示用コース表示名","2","3"
"100824","201648","才麗竹WEB表示用コース表示名","2","3"
"100826","201652","才麗竹WEB表示用コース表示名","2","3"
"100828","201656","才麗竹WEB表示用コース表示名","2","3"
"100829","201657","才麗竹WEB表示用コース表示名","2","3"
"100835","201669","才麗竹WEB表示用コース表示名","2","3"
"100948","201895","才麗竹WEB表示用コース表示名","2","3"
"100957","201913","才麗竹WEB表示用コース表示名","2","3"
"100959","201917","才麗竹WEB表示用コース表示名","2","3"
"100964","201927","才麗竹WEB表示用コース表示名","2","3"
"100967","201934","才麗竹WEB表示用コース表示名","2","3"
"100973","201946","才麗竹WEB表示用コース表示名","2","3"
"100974","201948","才麗竹WEB表示用コース表示名","2","3"
"100975","201949","才麗竹WEB表示用コース表示名","2","3"
"100975","201950","才麗竹WEB表示用コース表示名","2","3"
"100991","201981","才麗竹WEB表示用コース表示名","2","3"
"100992","201984","才麗竹WEB表示用コース表示名","2","3"
"100996","201991","才麗竹WEB表示用コース表示名","2","3"
"100024","200048","才麗竹WEB表示用コース表示名","2","3"
"100026","200051","才麗竹WEB表示用コース表示名","2","3"
"100034","200067","才麗竹WEB表示用コース表示名","2","3"
"100036","200072","才麗竹WEB表示用コース表示名","2","3"
"100037","200073","才麗竹WEB表示用コース表示名","2","3"
"100090","200179","才麗竹WEB表示用コース表示名","2","3"
"100095","200190","才麗竹WEB表示用コース表示名","2","3"
"100099","200197","才麗竹WEB表示用コース表示名","2","3"
"100100","200199","才麗竹WEB表示用コース表示名","2","3"
"100103","200205","才麗竹WEB表示用コース表示名","2","3"
"100106","200211","才麗竹WEB表示用コース表示名","2","3"
"100106","200212","才麗竹WEB表示用コース表示名","2","3"
"100107","200213","才麗竹WEB表示用コース表示名","2","3"
"100051","200101","才麗竹WEB表示用コース表示名","2","3"
"100058","200115","才麗竹WEB表示用コース表示名","2","3"
"100061","200122","才麗竹WEB表示用コース表示名","2","3"
"100066","200131","才麗竹WEB表示用コース表示名","2","3"
"100070","200140","才麗竹WEB表示用コース表示名","2","3"
"100072","200143","才麗竹WEB表示用コース表示名","2","3"
"100078","200155","才麗竹WEB表示用コース表示名","2","3"
"100078","200156","才麗竹WEB表示用コース表示名","2","3"
"100080","200159","才麗竹WEB表示用コース表示名","2","3"
"100081","200162","才麗竹WEB表示用コース表示名","2","3"
"100085","200169","才麗竹WEB表示用コース表示名","2","3"
"100086","200171","才麗竹WEB表示用コース表示名","2","3"
"100088","200175","才麗竹WEB表示用コース表示名","2","3"
"100002","200004","才麗竹WEB表示用コース表示名","2","3"
"100008","200016","才麗竹WEB表示用コース表示名","2","3"
"100009","200018","才麗竹WEB表示用コース表示名","2","3"
"100013","200026","才麗竹WEB表示用コース表示名","2","3"
"100014","200027","才麗竹WEB表示用コース表示名","2","3"
"100017","200033","才麗竹WEB表示用コース表示名","2","3"
"100019","200038","才麗竹WEB表示用コース表示名","2","3"
"100020","200040","才麗竹WEB表示用コース表示名","2","3"
"100022","200044","才麗竹WEB表示用コース表示名","2","3"
"100023","200045","才麗竹WEB表示用コース表示名","2","3"
"100183","200366","才麗竹WEB表示用コース表示名","2","3"
"100198","200395","才麗竹WEB表示用コース表示名","2","3"
"100264","200528","才麗竹WEB表示用コース表示名","2","3"
"100271","200542","才麗竹WEB表示用コース表示名","2","3"
"100272","200544","才麗竹WEB表示用コース表示名","2","3"
"100273","200545","才麗竹WEB表示用コース表示名","2","3"
"100275","200550","才麗竹WEB表示用コース表示名","2","3"
"100279","200558","才麗竹WEB表示用コース表示名","2","3"
"100283","200566","才麗竹WEB表示用コース表示名","2","3"
"100202","200403","才麗竹WEB表示用コース表示名","2","3"
"100203","200405","才麗竹WEB表示用コース表示名","2","3"
"100203","200406","才麗竹WEB表示用コース表示名","2","3"
"100204","200407","才麗竹WEB表示用コース表示名","2","3"
"100209","200417","才麗竹WEB表示用コース表示名","2","3"
"100210","200419","才麗竹WEB表示用コース表示名","2","3"
"100214","200428","才麗竹WEB表示用コース表示名","2","3"
"100220","200439","才麗竹WEB表示用コース表示名","2","3"
"100222","200444","才麗竹WEB表示用コース表示名","2","3"
"100225","200450","才麗竹WEB表示用コース表示名","2","3"
"100233","200466","才麗竹WEB表示用コース表示名","2","3"
"100234","200467","才麗竹WEB表示用コース表示名","2","3"
"100240","200479","才麗竹WEB表示用コース表示名","2","3"
"100247","200493","才麗竹WEB表示用コース表示名","2","3"
"100251","200502","才麗竹WEB表示用コース表示名","2","3"
"100252","200504","才麗竹WEB表示用コース表示名","2","3"
"100253","200505","才麗竹WEB表示用コース表示名","2","3"
"100259","200518","才麗竹WEB表示用コース表示名","2","3"
"100262","200524","才麗竹WEB表示用コース表示名","2","3"
"100114","200227","才麗竹WEB表示用コース表示名","2","3"
"100120","200239","才麗竹WEB表示用コース表示名","2","3"
"100122","200244","才麗竹WEB表示用コース表示名","2","3"
"100133","200266","才麗竹WEB表示用コース表示名","2","3"
"100142","200283","才麗竹WEB表示用コース表示名","2","3"
"100142","200284","才麗竹WEB表示用コース表示名","2","3"
"100152","200304","才麗竹WEB表示用コース表示名","2","3"
"100155","200309","才麗竹WEB表示用コース表示名","2","3"
"100155","200310","才麗竹WEB表示用コース表示名","2","3"
"100156","200311","才麗竹WEB表示用コース表示名","2","3"
"100158","200316","才麗竹WEB表示用コース表示名","2","3"
"100159","200317","才麗竹WEB表示用コース表示名","2","3"
"100163","200325","才麗竹WEB表示用コース表示名","2","3"
"100163","200326","才麗竹WEB表示用コース表示名","2","3"
"100173","200346","才麗竹WEB表示用コース表示名","2","3"
"100174","200347","才麗竹WEB表示用コース表示名","2","3"
"100418","200836","才麗竹WEB表示用コース表示名","2","3"
"100429","200857","才麗竹WEB表示用コース表示名","2","3"
"100439","200877","才麗竹WEB表示用コース表示名","2","3"
"100286","200572","才麗竹WEB表示用コース表示名","2","3"
"100288","200576","才麗竹WEB表示用コース表示名","2","3"
"100290","200580","才麗竹WEB表示用コース表示名","2","3"
"100292","200583","才麗竹WEB表示用コース表示名","2","3"
"100292","200584","才麗竹WEB表示用コース表示名","2","3"
"100300","200599","才麗竹WEB表示用コース表示名","2","3"
"100303","200606","才麗竹WEB表示用コース表示名","2","3"
"100307","200613","才麗竹WEB表示用コース表示名","2","3"
"100308","200615","才麗竹WEB表示用コース表示名","2","3"
"100312","200624","才麗竹WEB表示用コース表示名","2","3"
"100317","200633","才麗竹WEB表示用コース表示名","2","3"
"100323","200646","才麗竹WEB表示用コース表示名","2","3"
"100325","200649","才麗竹WEB表示用コース表示名","2","3"
"100327","200653","才麗竹WEB表示用コース表示名","2","3"
"100329","200657","才麗竹WEB表示用コース表示名","2","3"
"100329","200658","才麗竹WEB表示用コース表示名","2","3"
"100333","200666","才麗竹WEB表示用コース表示名","2","3"
"100340","200680","才麗竹WEB表示用コース表示名","2","3"
"100346","200692","才麗竹WEB表示用コース表示名","2","3"
"100352","200704","才麗竹WEB表示用コース表示名","2","3"
"100354","200708","才麗竹WEB表示用コース表示名","2","3"
"100362","200723","才麗竹WEB表示用コース表示名","2","3"
"100363","200726","才麗竹WEB表示用コース表示名","2","3"
"100369","200738","才麗竹WEB表示用コース表示名","2","3"
"100372","200743","才麗竹WEB表示用コース表示名","2","3"
"100376","200751","才麗竹WEB表示用コース表示名","2","3"
"100379","200758","才麗竹WEB表示用コース表示名","2","3"
"100387","200774","才麗竹WEB表示用コース表示名","2","3"
"100389","200778","才麗竹WEB表示用コース表示名","2","3"
"100392","200783","才麗竹WEB表示用コース表示名","2","3"
"100392","200784","才麗竹WEB表示用コース表示名","2","3"
"100396","200791","才麗竹WEB表示用コース表示名","2","3"
"100399","200798","才麗竹WEB表示用コース表示名","2","3"
"100400","200799","才麗竹WEB表示用コース表示名","2","3"
"100406","200812","才麗竹WEB表示用コース表示名","2","3"
"100408","200815","才麗竹WEB表示用コース表示名","2","3"
"100409","200817","才麗竹WEB表示用コース表示名","2","3"
"100409","200818","才麗竹WEB表示用コース表示名","2","3"
"100415","200830","才麗竹WEB表示用コース表示名","2","3"
"100512","201024","才麗竹WEB表示用コース表示名","2","3"
"100515","201030","才麗竹WEB表示用コース表示名","2","3"
"100519","201037","才麗竹WEB表示用コース表示名","2","3"
"100597","201193","才麗竹WEB表示用コース表示名","2","3"
"100599","201197","才麗竹WEB表示用コース表示名","2","3"
"100603","201205","才麗竹WEB表示用コース表示名","2","3"
"100603","201206","才麗竹WEB表示用コース表示名","2","3"
"100605","201209","才麗竹WEB表示用コース表示名","2","3"
"100609","201218","才麗竹WEB表示用コース表示名","2","3"
"100533","201066","才麗竹WEB表示用コース表示名","2","3"
"100534","201067","才麗竹WEB表示用コース表示名","2","3"
"100537","201073","才麗竹WEB表示用コース表示名","2","3"
"100538","201076","才麗竹WEB表示用コース表示名","2","3"
"100549","201098","才麗竹WEB表示用コース表示名","2","3"
"100560","201120","才麗竹WEB表示用コース表示名","2","3"
"100562","201124","才麗竹WEB表示用コース表示名","2","3"
"100564","201127","才麗竹WEB表示用コース表示名","2","3"
"100566","201132","才麗竹WEB表示用コース表示名","2","3"
"100572","201143","才麗竹WEB表示用コース表示名","2","3"
"100579","201158","才麗竹WEB表示用コース表示名","2","3"
"100589","201177","才麗竹WEB表示用コース表示名","2","3"
"100592","201184","才麗竹WEB表示用コース表示名","2","3"
"100593","201186","才麗竹WEB表示用コース表示名","2","3"
"100446","200892","才麗竹WEB表示用コース表示名","2","3"
"100451","200902","才麗竹WEB表示用コース表示名","2","3"
"100460","200920","才麗竹WEB表示用コース表示名","2","3"
"100466","200932","才麗竹WEB表示用コース表示名","2","3"
"100469","200938","才麗竹WEB表示用コース表示名","2","3"
"100470","200940","才麗竹WEB表示用コース表示名","2","3"
"100488","200975","才麗竹WEB表示用コース表示名","2","3"
"100488","200976","才麗竹WEB表示用コース表示名","2","3"
"100491","200982","才麗竹WEB表示用コース表示名","2","3"
"100497","200993","才麗竹WEB表示用コース表示名","2","3"
"100499","200998","才麗竹WEB表示用コース表示名","2","3"
"100502","201003","才麗竹WEB表示用コース表示名","2","3"
"100505","201009","才麗竹WEB表示用コース表示名","2","3"
"100752","201503","才麗竹WEB表示用コース表示名","2","3"
"100755","201510","才麗竹WEB表示用コース表示名","2","3"
"100760","201519","才麗竹WEB表示用コース表示名","2","3"
"100760","201520","才麗竹WEB表示用コース表示名","2","3"
"100766","201532","才麗竹WEB表示用コース表示名","2","3"
"100619","201238","才麗竹WEB表示用コース表示名","2","3"
"100622","201243","才麗竹WEB表示用コース表示名","2","3"
"100629","201258","才麗竹WEB表示用コース表示名","2","3"
"100634","201267","才麗竹WEB表示用コース表示名","2","3"
"100638","201276","才麗竹WEB表示用コース表示名","2","3"
"100639","201278","才麗竹WEB表示用コース表示名","2","3"
"100640","201279","才麗竹WEB表示用コース表示名","2","3"
"100643","201285","才麗竹WEB表示用コース表示名","2","3"
"100647","201293","才麗竹WEB表示用コース表示名","2","3"
"100648","201295","才麗竹WEB表示用コース表示名","2","3"
"100651","201302","才麗竹WEB表示用コース表示名","2","3"
"100654","201308","才麗竹WEB表示用コース表示名","2","3"
"100655","201310","才麗竹WEB表示用コース表示名","2","3"
"100661","201321","才麗竹WEB表示用コース表示名","2","3"
"100665","201329","才麗竹WEB表示用コース表示名","2","3"
"100666","201331","才麗竹WEB表示用コース表示名","2","3"
"100667","201334","才麗竹WEB表示用コース表示名","2","3"
"100669","201337","才麗竹WEB表示用コース表示名","2","3"
"100669","201338","才麗竹WEB表示用コース表示名","2","3"
"100671","201341","才麗竹WEB表示用コース表示名","2","3"
"100678","201356","才麗竹WEB表示用コース表示名","2","3"
"100691","201381","才麗竹WEB表示用コース表示名","2","3"
"100701","201401","才麗竹WEB表示用コース表示名","2","3"
"100702","201404","才麗竹WEB表示用コース表示名","2","3"
"100713","201425","才麗竹WEB表示用コース表示名","2","3"
"100715","201430","才麗竹WEB表示用コース表示名","2","3"
"100716","201432","才麗竹WEB表示用コース表示名","2","3"
"100724","201447","才麗竹WEB表示用コース表示名","2","3"
"100726","201451","才麗竹WEB表示用コース表示名","2","3"
"100727","201454","才麗竹WEB表示用コース表示名","2","3"
"100731","201461","才麗竹WEB表示用コース表示名","2","3"
"100734","201468","才麗竹WEB表示用コース表示名","2","3"
"100744","201488","才麗竹WEB表示用コース表示名","2","3"
"100839","201678","才麗竹WEB表示用コース表示名","2","3"
"100843","201686","才麗竹WEB表示用コース表示名","2","3"
"100853","201705","才麗竹WEB表示用コース表示名","2","3"
"100854","201707","才麗竹WEB表示用コース表示名","2","3"
"100854","201708","才麗竹WEB表示用コース表示名","2","3"
"100856","201712","才麗竹WEB表示用コース表示名","2","3"
"100858","201715","才麗竹WEB表示用コース表示名","2","3"
"100928","201856","才麗竹WEB表示用コース表示名","2","3"
"100932","201863","才麗竹WEB表示用コース表示名","2","3"
"100934","201868","才麗竹WEB表示用コース表示名","2","3"
"100935","201869","才麗竹WEB表示用コース表示名","2","3"
"100941","201881","才麗竹WEB表示用コース表示名","2","3"
"100942","201883","才麗竹WEB表示用コース表示名","2","3"
"100944","201887","才麗竹WEB表示用コース表示名","2","3"
"100945","201889","才麗竹WEB表示用コース表示名","2","3"
"100859","201717","才麗竹WEB表示用コース表示名","2","3"
"100859","201718","才麗竹WEB表示用コース表示名","2","3"
"100864","201727","才麗竹WEB表示用コース表示名","2","3"
"100867","201734","才麗竹WEB表示用コース表示名","2","3"
"100879","201758","才麗竹WEB表示用コース表示名","2","3"
"100888","201776","才麗竹WEB表示用コース表示名","2","3"
"100893","201786","才麗竹WEB表示用コース表示名","2","3"
"100895","201790","才麗竹WEB表示用コース表示名","2","3"
"100898","201796","才麗竹WEB表示用コース表示名","2","3"
"100907","201813","才麗竹WEB表示用コース表示名","2","3"
"100911","201821","才麗竹WEB表示用コース表示名","2","3"
"100770","201539","才麗竹WEB表示用コース表示名","2","3"
"100776","201552","才麗竹WEB表示用コース表示名","2","3"
"100778","201556","才麗竹WEB表示用コース表示名","2","3"
"100781","201562","才麗竹WEB表示用コース表示名","2","3"
"100782","201563","才麗竹WEB表示用コース表示名","2","3"
"100787","201573","才麗竹WEB表示用コース表示名","2","3"
"100788","201575","才麗竹WEB表示用コース表示名","2","3"
"100790","201580","才麗竹WEB表示用コース表示名","2","3"
"100791","201581","才麗竹WEB表示用コース表示名","2","3"
"100796","201591","才麗竹WEB表示用コース表示名","2","3"
"100797","201594","才麗竹WEB表示用コース表示名","2","3"
"100799","201598","才麗竹WEB表示用コース表示名","2","3"
"100800","201600","才麗竹WEB表示用コース表示名","2","3"
"100809","201617","才麗竹WEB表示用コース表示名","2","3"
"100811","201622","才麗竹WEB表示用コース表示名","2","3"
"100819","201637","才麗竹WEB表示用コース表示名","2","3"
"100821","201641","才麗竹WEB表示用コース表示名","2","3"
"100825","201650","才麗竹WEB表示用コース表示名","2","3"
"100831","201661","才麗竹WEB表示用コース表示名","2","3"
"100832","201664","才麗竹WEB表示用コース表示名","2","3"
"100949","201897","才麗竹WEB表示用コース表示名","2","3"
"100949","201898","才麗竹WEB表示用コース表示名","2","3"
"100951","201901","才麗竹WEB表示用コース表示名","2","3"
"100951","201902","才麗竹WEB表示用コース表示名","2","3"
"100964","201928","才麗竹WEB表示用コース表示名","2","3"
"100970","201939","才麗竹WEB表示用コース表示名","2","3"
"100978","201955","才麗竹WEB表示用コース表示名","2","3"
"100981","201962","才麗竹WEB表示用コース表示名","2","3"
"100983","201965","才麗竹WEB表示用コース表示名","2","3"
"100984","201967","才麗竹WEB表示用コース表示名","2","3"
"100985","201969","才麗竹WEB表示用コース表示名","2","3"
"100985","201970","才麗竹WEB表示用コース表示名","2","3"
"100993","201986","才麗竹WEB表示用コース表示名","2","3"
"100994","201988","才麗竹WEB表示用コース表示名","2","3"
"100999","201997","才麗竹WEB表示用コース表示名","2","3"
"100027","200054","才麗竹WEB表示用コース表示名","2","3"
"100028","200056","才麗竹WEB表示用コース表示名","2","3"
"100029","200057","才麗竹WEB表示用コース表示名","2","3"
"100040","200079","才麗竹WEB表示用コース表示名","2","3"
"100089","200178","才麗竹WEB表示用コース表示名","2","3"
"100091","200181","才麗竹WEB表示用コース表示名","2","3"
"100097","200194","才麗竹WEB表示用コース表示名","2","3"
"100098","200195","才麗竹WEB表示用コース表示名","2","3"
"100098","200196","才麗竹WEB表示用コース表示名","2","3"
"100099","200198","才麗竹WEB表示用コース表示名","2","3"
"100109","200217","才麗竹WEB表示用コース表示名","2","3"
"100054","200107","才麗竹WEB表示用コース表示名","2","3"
"100062","200124","才麗竹WEB表示用コース表示名","2","3"
"100063","200126","才麗竹WEB表示用コース表示名","2","3"
"100066","200132","才麗竹WEB表示用コース表示名","2","3"
"100071","200142","才麗竹WEB表示用コース表示名","2","3"
"100074","200148","才麗竹WEB表示用コース表示名","2","3"
"100079","200158","才麗竹WEB表示用コース表示名","2","3"
"100081","200161","才麗竹WEB表示用コース表示名","2","3"
"100083","200165","才麗竹WEB表示用コース表示名","2","3"
"100001","200002","才麗竹WEB表示用コース表示名","2","3"
"100003","200006","才麗竹WEB表示用コース表示名","2","3"
"100010","200019","才麗竹WEB表示用コース表示名","2","3"
"100012","200023","才麗竹WEB表示用コース表示名","2","3"
"100017","200034","才麗竹WEB表示用コース表示名","2","3"
"100021","200041","才麗竹WEB表示用コース表示名","2","3"
"100178","200355","才麗竹WEB表示用コース表示名","2","3"
"100179","200357","才麗竹WEB表示用コース表示名","2","3"
"100180","200359","才麗竹WEB表示用コース表示名","2","3"
"100181","200361","才麗竹WEB表示用コース表示名","2","3"
"100181","200362","才麗竹WEB表示用コース表示名","2","3"
"100190","200380","才麗竹WEB表示用コース表示名","2","3"
"100192","200383","才麗竹WEB表示用コース表示名","2","3"
"100196","200391","才麗竹WEB表示用コース表示名","2","3"
"100270","200539","才麗竹WEB表示用コース表示名","2","3"
"100272","200543","才麗竹WEB表示用コース表示名","2","3"
"100276","200552","才麗竹WEB表示用コース表示名","2","3"
"100280","200559","才麗竹WEB表示用コース表示名","2","3"
"100212","200423","才麗竹WEB表示用コース表示名","2","3"
"100215","200429","才麗竹WEB表示用コース表示名","2","3"
"100215","200430","才麗竹WEB表示用コース表示名","2","3"
"100217","200434","才麗竹WEB表示用コース表示名","2","3"
"100219","200437","才麗竹WEB表示用コース表示名","2","3"
"100221","200442","才麗竹WEB表示用コース表示名","2","3"
"100223","200445","才麗竹WEB表示用コース表示名","2","3"
"100231","200462","才麗竹WEB表示用コース表示名","2","3"
"100233","200465","才麗竹WEB表示用コース表示名","2","3"
"100236","200471","才麗竹WEB表示用コース表示名","2","3"
"100241","200481","才麗竹WEB表示用コース表示名","2","3"
"100243","200486","才麗竹WEB表示用コース表示名","2","3"
"100246","200492","才麗竹WEB表示用コース表示名","2","3"
"100255","200510","才麗竹WEB表示用コース表示名","2","3"
"100256","200511","才麗竹WEB表示用コース表示名","2","3"
"100260","200520","才麗竹WEB表示用コース表示名","2","3"
"100111","200221","才麗竹WEB表示用コース表示名","2","3"
"100117","200233","才麗竹WEB表示用コース表示名","2","3"
"100119","200237","才麗竹WEB表示用コース表示名","2","3"
"100123","200245","才麗竹WEB表示用コース表示名","2","3"
"100124","200247","才麗竹WEB表示用コース表示名","2","3"
"100126","200251","才麗竹WEB表示用コース表示名","2","3"
"100130","200260","才麗竹WEB表示用コース表示名","2","3"
"100132","200264","才麗竹WEB表示用コース表示名","2","3"
"100137","200273","才麗竹WEB表示用コース表示名","2","3"
"100139","200278","才麗竹WEB表示用コース表示名","2","3"
"100140","200279","才麗竹WEB表示用コース表示名","2","3"
"100148","200296","才麗竹WEB表示用コース表示名","2","3"
"100153","200305","才麗竹WEB表示用コース表示名","2","3"
"100158","200315","才麗竹WEB表示用コース表示名","2","3"
"100159","200318","才麗竹WEB表示用コース表示名","2","3"
"100160","200319","才麗竹WEB表示用コース表示名","2","3"
"100161","200321","才麗竹WEB表示用コース表示名","2","3"
"100169","200337","才麗竹WEB表示用コース表示名","2","3"
"100170","200339","才麗竹WEB表示用コース表示名","2","3"
"100170","200340","才麗竹WEB表示用コース表示名","2","3"
"100175","200350","才麗竹WEB表示用コース表示名","2","3"
"100419","200837","才麗竹WEB表示用コース表示名","2","3"
"100426","200851","才麗竹WEB表示用コース表示名","2","3"
"100428","200855","才麗竹WEB表示用コース表示名","2","3"
"100430","200860","才麗竹WEB表示用コース表示名","2","3"
"100432","200864","才麗竹WEB表示用コース表示名","2","3"
"100437","200873","才麗竹WEB表示用コース表示名","2","3"
"100438","200875","才麗竹WEB表示用コース表示名","2","3"
"100439","200878","才麗竹WEB表示用コース表示名","2","3"
"100293","200585","才麗竹WEB表示用コース表示名","2","3"
"100294","200587","才麗竹WEB表示用コース表示名","2","3"
"100304","200608","才麗竹WEB表示用コース表示名","2","3"
"100311","200621","才麗竹WEB表示用コース表示名","2","3"
"100311","200622","才麗竹WEB表示用コース表示名","2","3"
"100313","200625","才麗竹WEB表示用コース表示名","2","3"
"100314","200627","才麗竹WEB表示用コース表示名","2","3"
"100324","200647","才麗竹WEB表示用コース表示名","2","3"
"100331","200662","才麗竹WEB表示用コース表示名","2","3"
"100341","200681","才麗竹WEB表示用コース表示名","2","3"
"100343","200686","才麗竹WEB表示用コース表示名","2","3"
"100350","200700","才麗竹WEB表示用コース表示名","2","3"
"100359","200717","才麗竹WEB表示用コース表示名","2","3"
"100359","200718","才麗竹WEB表示用コース表示名","2","3"
"100361","200722","才麗竹WEB表示用コース表示名","2","3"
"100364","200727","才麗竹WEB表示用コース表示名","2","3"
"100369","200737","才麗竹WEB表示用コース表示名","2","3"
"100371","200742","才麗竹WEB表示用コース表示名","2","3"
"100372","200744","才麗竹WEB表示用コース表示名","2","3"
"100374","200747","才麗竹WEB表示用コース表示名","2","3"
"100380","200759","才麗竹WEB表示用コース表示名","2","3"
"100388","200775","才麗竹WEB表示用コース表示名","2","3"
"100393","200786","才麗竹WEB表示用コース表示名","2","3"
"100398","200795","才麗竹WEB表示用コース表示名","2","3"
"100411","200821","才麗竹WEB表示用コース表示名","2","3"
"100412","200823","才麗竹WEB表示用コース表示名","2","3"
"100508","201015","才麗竹WEB表示用コース表示名","2","3"
"100508","201016","才麗竹WEB表示用コース表示名","2","3"
"100511","201021","才麗竹WEB表示用コース表示名","2","3"
"100513","201025","才麗竹WEB表示用コース表示名","2","3"
"100514","201027","才麗竹WEB表示用コース表示名","2","3"
"100517","201033","才麗竹WEB表示用コース表示名","2","3"
"100520","201040","才麗竹WEB表示用コース表示名","2","3"
"100524","201047","才麗竹WEB表示用コース表示名","2","3"
"100526","201051","才麗竹WEB表示用コース表示名","2","3"
"100594","201188","才麗竹WEB表示用コース表示名","2","3"
"100599","201198","才麗竹WEB表示用コース表示名","2","3"
"100600","201200","才麗竹WEB表示用コース表示名","2","3"
"100602","201204","才麗竹WEB表示用コース表示名","2","3"
"100607","201214","才麗竹WEB表示用コース表示名","2","3"
"100608","201215","才麗竹WEB表示用コース表示名","2","3"
"100612","201223","才麗竹WEB表示用コース表示名","2","3"
"100529","201058","才麗竹WEB表示用コース表示名","2","3"
"100530","201060","才麗竹WEB表示用コース表示名","2","3"
"100532","201063","才麗竹WEB表示用コース表示名","2","3"
"100534","201068","才麗竹WEB表示用コース表示名","2","3"
"100536","201071","才麗竹WEB表示用コース表示名","2","3"
"100538","201075","才麗竹WEB表示用コース表示名","2","3"
"100542","201084","才麗竹WEB表示用コース表示名","2","3"
"100546","201092","才麗竹WEB表示用コース表示名","2","3"
"100547","201094","才麗竹WEB表示用コース表示名","2","3"
"100548","201095","才麗竹WEB表示用コース表示名","2","3"
"100548","201096","才麗竹WEB表示用コース表示名","2","3"
"100549","201097","才麗竹WEB表示用コース表示名","2","3"
"100550","201100","才麗竹WEB表示用コース表示名","2","3"
"100551","201102","才麗竹WEB表示用コース表示名","2","3"
"100553","201105","才麗竹WEB表示用コース表示名","2","3"
"100559","201118","才麗竹WEB表示用コース表示名","2","3"
"100566","201131","才麗竹WEB表示用コース表示名","2","3"
"100574","201147","才麗竹WEB表示用コース表示名","2","3"
"100575","201149","才麗竹WEB表示用コース表示名","2","3"
"100579","201157","才麗竹WEB表示用コース表示名","2","3"
"100584","201167","才麗竹WEB表示用コース表示名","2","3"
"100585","201170","才麗竹WEB表示用コース表示名","2","3"
"100587","201174","才麗竹WEB表示用コース表示名","2","3"
"100441","200882","才麗竹WEB表示用コース表示名","2","3"
"100448","200895","才麗竹WEB表示用コース表示名","2","3"
"100450","200900","才麗竹WEB表示用コース表示名","2","3"
"100453","200905","才麗竹WEB表示用コース表示名","2","3"
"100453","200906","才麗竹WEB表示用コース表示名","2","3"
"100458","200916","才麗竹WEB表示用コース表示名","2","3"
"100476","200952","才麗竹WEB表示用コース表示名","2","3"
"100478","200955","才麗竹WEB表示用コース表示名","2","3"
"100479","200957","才麗竹WEB表示用コース表示名","2","3"
"100487","200974","才麗竹WEB表示用コース表示名","2","3"
"100490","200980","才麗竹WEB表示用コース表示名","2","3"
"100492","200983","才麗竹WEB表示用コース表示名","2","3"
"100494","200987","才麗竹WEB表示用コース表示名","2","3"
"100494","200988","才麗竹WEB表示用コース表示名","2","3"
"100498","200996","才麗竹WEB表示用コース表示名","2","3"
"100502","201004","才麗竹WEB表示用コース表示名","2","3"
"100749","201498","才麗竹WEB表示用コース表示名","2","3"
"100751","201501","才麗竹WEB表示用コース表示名","2","3"
"100763","201525","才麗竹WEB表示用コース表示名","2","3"
"100765","201530","才麗竹WEB表示用コース表示名","2","3"
"100766","201531","才麗竹WEB表示用コース表示名","2","3"
"100769","201538","才麗竹WEB表示用コース表示名","2","3"
"100622","201244","才麗竹WEB表示用コース表示名","2","3"
"100625","201249","才麗竹WEB表示用コース表示名","2","3"
"100626","201251","才麗竹WEB表示用コース表示名","2","3"
"100627","201254","才麗竹WEB表示用コース表示名","2","3"
"100628","201256","才麗竹WEB表示用コース表示名","2","3"
"100630","201260","才麗竹WEB表示用コース表示名","2","3"
"100636","201271","才麗竹WEB表示用コース表示名","2","3"
"100641","201281","才麗竹WEB表示用コース表示名","2","3"
"100642","201284","才麗竹WEB表示用コース表示名","2","3"
"100646","201292","才麗竹WEB表示用コース表示名","2","3"
"100652","201303","才麗竹WEB表示用コース表示名","2","3"
"100660","201319","才麗竹WEB表示用コース表示名","2","3"
"100670","201339","才麗竹WEB表示用コース表示名","2","3"
"100685","201370","才麗竹WEB表示用コース表示名","2","3"
"100690","201380","才麗竹WEB表示用コース表示名","2","3"
"100691","201382","才麗竹WEB表示用コース表示名","2","3"
"100705","201409","才麗竹WEB表示用コース表示名","2","3"
"100707","201413","才麗竹WEB表示用コース表示名","2","3"
"100707","201414","才麗竹WEB表示用コース表示名","2","3"
"100708","201416","才麗竹WEB表示用コース表示名","2","3"
"100718","201436","才麗竹WEB表示用コース表示名","2","3"
"100723","201445","才麗竹WEB表示用コース表示名","2","3"
"100726","201452","才麗竹WEB表示用コース表示名","2","3"
"100727","201453","才麗竹WEB表示用コース表示名","2","3"
"100740","201480","才麗竹WEB表示用コース表示名","2","3"
"100742","201484","才麗竹WEB表示用コース表示名","2","3"
"100746","201492","才麗竹WEB表示用コース表示名","2","3"
"100747","201493","才麗竹WEB表示用コース表示名","2","3"
"100836","201672","才麗竹WEB表示用コース表示名","2","3"
"100841","201681","才麗竹WEB表示用コース表示名","2","3"
"100842","201684","才麗竹WEB表示用コース表示名","2","3"
"100846","201691","才麗竹WEB表示用コース表示名","2","3"
"100848","201695","才麗竹WEB表示用コース表示名","2","3"
"100849","201698","才麗竹WEB表示用コース表示名","2","3"
"100850","201700","才麗竹WEB表示用コース表示名","2","3"
"100929","201858","才麗竹WEB表示用コース表示名","2","3"
"100930","201860","才麗竹WEB表示用コース表示名","2","3"
"100937","201874","才麗竹WEB表示用コース表示名","2","3"
"100941","201882","才麗竹WEB表示用コース表示名","2","3"
"100942","201884","才麗竹WEB表示用コース表示名","2","3"
"100945","201890","才麗竹WEB表示用コース表示名","2","3"
"100860","201719","才麗竹WEB表示用コース表示名","2","3"
"100867","201733","才麗竹WEB表示用コース表示名","2","3"
"100869","201737","才麗竹WEB表示用コース表示名","2","3"
"100871","201741","才麗竹WEB表示用コース表示名","2","3"
"100872","201744","才麗竹WEB表示用コース表示名","2","3"
"100881","201761","才麗竹WEB表示用コース表示名","2","3"
"100883","201766","才麗竹WEB表示用コース表示名","2","3"
"100887","201774","才麗竹WEB表示用コース表示名","2","3"
"100889","201778","才麗竹WEB表示用コース表示名","2","3"
"100896","201792","才麗竹WEB表示用コース表示名","2","3"
"100897","201794","才麗竹WEB表示用コース表示名","2","3"
"100898","201795","才麗竹WEB表示用コース表示名","2","3"
"100899","201797","才麗竹WEB表示用コース表示名","2","3"
"100901","201801","才麗竹WEB表示用コース表示名","2","3"
"100902","201804","才麗竹WEB表示用コース表示名","2","3"
"100905","201810","才麗竹WEB表示用コース表示名","2","3"
"100906","201812","才麗竹WEB表示用コース表示名","2","3"
"100916","201831","才麗竹WEB表示用コース表示名","2","3"
"100922","201843","才麗竹WEB表示用コース表示名","2","3"
"100924","201847","才麗竹WEB表示用コース表示名","2","3"
"100772","201543","才麗竹WEB表示用コース表示名","2","3"
"100774","201548","才麗竹WEB表示用コース表示名","2","3"
"100784","201567","才麗竹WEB表示用コース表示名","2","3"
"100798","201595","才麗竹WEB表示用コース表示名","2","3"
"100800","201599","才麗竹WEB表示用コース表示名","2","3"
"100808","201615","才麗竹WEB表示用コース表示名","2","3"
"100826","201651","才麗竹WEB表示用コース表示名","2","3"
"100830","201660","才麗竹WEB表示用コース表示名","2","3"
"100833","201666","才麗竹WEB表示用コース表示名","2","3"
"100946","201891","才麗竹WEB表示用コース表示名","2","3"
"100948","201896","才麗竹WEB表示用コース表示名","2","3"
"100950","201899","才麗竹WEB表示用コース表示名","2","3"
"100957","201914","才麗竹WEB表示用コース表示名","2","3"
"100960","201919","才麗竹WEB表示用コース表示名","2","3"
"100969","201937","才麗竹WEB表示用コース表示名","2","3"
"100971","201941","才麗竹WEB表示用コース表示名","2","3"
"100971","201942","才麗竹WEB表示用コース表示名","2","3"
"100980","201960","才麗竹WEB表示用コース表示名","2","3"
"100984","201968","才麗竹WEB表示用コース表示名","2","3"
"100989","201978","才麗竹WEB表示用コース表示名","2","3"
"100992","201983","才麗竹WEB表示用コース表示名","2","3"
"100995","201989","才麗竹WEB表示用コース表示名","2","3"
"100995","201990","才麗竹WEB表示用コース表示名","2","3"
