"60117","配送業者名才麗竹117","aaaaa"
"60122","配送業者名才麗竹122","aaaaa"
"60130","配送業者名才麗竹130","aaaaa"
"60132","配送業者名才麗竹132","aaaaa"
"60165","配送業者名才麗竹165","aaaaa"
"60177","配送業者名才麗竹177","aaaaa"
"60184","配送業者名才麗竹184","aaaaa"
"60185","配送業者名才麗竹185","aaaaa"
"60187","配送業者名才麗竹187","aaaaa"
"60198","配送業者名才麗竹198","aaaaa"
"60201","配送業者名才麗竹201","aaaaa"
"60203","配送業者名才麗竹203","aaaaa"
"60208","配送業者名才麗竹208","aaaaa"
"60430","配送業者名才麗竹430","aaaaa"
"60432","配送業者名才麗竹432","aaaaa"
"60437","配送業者名才麗竹437","aaaaa"
"60438","配送業者名才麗竹438","aaaaa"
"60449","配送業者名才麗竹449","aaaaa"
"60462","配送業者名才麗竹462","aaaaa"
"60466","配送業者名才麗竹466","aaaaa"
"60476","配送業者名才麗竹476","aaaaa"
"60480","配送業者名才麗竹480","aaaaa"
"60492","配送業者名才麗竹492","aaaaa"
"60495","配送業者名才麗竹495","aaaaa"
"60501","配送業者名才麗竹501","aaaaa"
"60508","配送業者名才麗竹508","aaaaa"
"60510","配送業者名才麗竹510","aaaaa"
"60511","配送業者名才麗竹511","aaaaa"
"60518","配送業者名才麗竹518","aaaaa"
"60521","配送業者名才麗竹521","aaaaa"
"60522","配送業者名才麗竹522","aaaaa"
"60214","配送業者名才麗竹214","aaaaa"
"60219","配送業者名才麗竹219","aaaaa"
"60227","配送業者名才麗竹227","aaaaa"
"60228","配送業者名才麗竹228","aaaaa"
"60243","配送業者名才麗竹243","aaaaa"
"60245","配送業者名才麗竹245","aaaaa"
"60246","配送業者名才麗竹246","aaaaa"
"60256","配送業者名才麗竹256","aaaaa"
"60273","配送業者名才麗竹273","aaaaa"
"60277","配送業者名才麗竹277","aaaaa"
"60278","配送業者名才麗竹278","aaaaa"
"60285","配送業者名才麗竹285","aaaaa"
"60306","配送業者名才麗竹306","aaaaa"
"60315","配送業者名才麗竹315","aaaaa"
"60318","配送業者名才麗竹318","aaaaa"
"60327","配送業者名才麗竹327","aaaaa"
"60335","配送業者名才麗竹335","aaaaa"
"60344","配送業者名才麗竹344","aaaaa"
"60360","配送業者名才麗竹360","aaaaa"
"60366","配送業者名才麗竹366","aaaaa"
"60370","配送業者名才麗竹370","aaaaa"
"60391","配送業者名才麗竹391","aaaaa"
"60410","配送業者名才麗竹410","aaaaa"
"60003","配送業者名才麗竹3","aaaaa"
"60009","配送業者名才麗竹9","aaaaa"
"60018","配送業者名才麗竹18","aaaaa"
"60047","配送業者名才麗竹47","aaaaa"
"60053","配送業者名才麗竹53","aaaaa"
"60056","配送業者名才麗竹56","aaaaa"
"60059","配送業者名才麗竹59","aaaaa"
"60066","配送業者名才麗竹66","aaaaa"
"60069","配送業者名才麗竹69","aaaaa"
"60084","配送業者名才麗竹84","aaaaa"
"60086","配送業者名才麗竹86","aaaaa"
"60087","配送業者名才麗竹87","aaaaa"
"60091","配送業者名才麗竹91","aaaaa"
"60848","配送業者名才麗竹848","aaaaa"
"60857","配送業者名才麗竹857","aaaaa"
"60859","配送業者名才麗竹859","aaaaa"
"60873","配送業者名才麗竹873","aaaaa"
"60883","配送業者名才麗竹883","aaaaa"
"60890","配送業者名才麗竹890","aaaaa"
"60892","配送業者名才麗竹892","aaaaa"
"60899","配送業者名才麗竹899","aaaaa"
"60907","配送業者名才麗竹907","aaaaa"
"60947","配送業者名才麗竹947","aaaaa"
"60950","配送業者名才麗竹950","aaaaa"
"60964","配送業者名才麗竹964","aaaaa"
"60967","配送業者名才麗竹967","aaaaa"
"60984","配送業者名才麗竹984","aaaaa"
"60989","配送業者名才麗竹989","aaaaa"
"60991","配送業者名才麗竹991","aaaaa"
"60528","配送業者名才麗竹528","aaaaa"
"60537","配送業者名才麗竹537","aaaaa"
"60548","配送業者名才麗竹548","aaaaa"
"60549","配送業者名才麗竹549","aaaaa"
"60552","配送業者名才麗竹552","aaaaa"
"60554","配送業者名才麗竹554","aaaaa"
"60567","配送業者名才麗竹567","aaaaa"
"60572","配送業者名才麗竹572","aaaaa"
"60573","配送業者名才麗竹573","aaaaa"
"60579","配送業者名才麗竹579","aaaaa"
"60584","配送業者名才麗竹584","aaaaa"
"60588","配送業者名才麗竹588","aaaaa"
"60606","配送業者名才麗竹606","aaaaa"
"60610","配送業者名才麗竹610","aaaaa"
"60616","配送業者名才麗竹616","aaaaa"
"60618","配送業者名才麗竹618","aaaaa"
"60625","配送業者名才麗竹625","aaaaa"
"60626","配送業者名才麗竹626","aaaaa"
"60631","配送業者名才麗竹631","aaaaa"
"60646","配送業者名才麗竹646","aaaaa"
"60680","配送業者名才麗竹680","aaaaa"
"60696","配送業者名才麗竹696","aaaaa"
"60703","配送業者名才麗竹703","aaaaa"
"60715","配送業者名才麗竹715","aaaaa"
"60719","配送業者名才麗竹719","aaaaa"
"60745","配送業者名才麗竹745","aaaaa"
"60751","配送業者名才麗竹751","aaaaa"
"60775","配送業者名才麗竹775","aaaaa"
"60781","配送業者名才麗竹781","aaaaa"
"60798","配送業者名才麗竹798","aaaaa"
"60808","配送業者名才麗竹808","aaaaa"
"60814","配送業者名才麗竹814","aaaaa"
"60815","配送業者名才麗竹815","aaaaa"
"60825","配送業者名才麗竹825","aaaaa"
"60830","配送業者名才麗竹830","aaaaa"
"60840","配送業者名才麗竹840","aaaaa"
"60108","配送業者名才麗竹108","aaaaa"
"60112","配送業者名才麗竹112","aaaaa"
"60113","配送業者名才麗竹113","aaaaa"
"60120","配送業者名才麗竹120","aaaaa"
"60127","配送業者名才麗竹127","aaaaa"
"60139","配送業者名才麗竹139","aaaaa"
"60142","配送業者名才麗竹142","aaaaa"
"60144","配送業者名才麗竹144","aaaaa"
"60146","配送業者名才麗竹146","aaaaa"
"60162","配送業者名才麗竹162","aaaaa"
"60164","配送業者名才麗竹164","aaaaa"
"60166","配送業者名才麗竹166","aaaaa"
"60172","配送業者名才麗竹172","aaaaa"
"60195","配送業者名才麗竹195","aaaaa"
"60199","配送業者名才麗竹199","aaaaa"
"60210","配送業者名才麗竹210","aaaaa"
"60429","配送業者名才麗竹429","aaaaa"
"60435","配送業者名才麗竹435","aaaaa"
"60441","配送業者名才麗竹441","aaaaa"
"60458","配送業者名才麗竹458","aaaaa"
"60460","配送業者名才麗竹460","aaaaa"
"60465","配送業者名才麗竹465","aaaaa"
"60478","配送業者名才麗竹478","aaaaa"
"60483","配送業者名才麗竹483","aaaaa"
"60484","配送業者名才麗竹484","aaaaa"
"60487","配送業者名才麗竹487","aaaaa"
"60488","配送業者名才麗竹488","aaaaa"
"60490","配送業者名才麗竹490","aaaaa"
"60499","配送業者名才麗竹499","aaaaa"
"60500","配送業者名才麗竹500","aaaaa"
"60520","配送業者名才麗竹520","aaaaa"
"60213","配送業者名才麗竹213","aaaaa"
"60229","配送業者名才麗竹229","aaaaa"
"60234","配送業者名才麗竹234","aaaaa"
"60241","配送業者名才麗竹241","aaaaa"
"60259","配送業者名才麗竹259","aaaaa"
"60262","配送業者名才麗竹262","aaaaa"
"60269","配送業者名才麗竹269","aaaaa"
"60274","配送業者名才麗竹274","aaaaa"
"60276","配送業者名才麗竹276","aaaaa"
"60287","配送業者名才麗竹287","aaaaa"
"60299","配送業者名才麗竹299","aaaaa"
"60308","配送業者名才麗竹308","aaaaa"
"60310","配送業者名才麗竹310","aaaaa"
"60319","配送業者名才麗竹319","aaaaa"
"60321","配送業者名才麗竹321","aaaaa"
"60325","配送業者名才麗竹325","aaaaa"
"60332","配送業者名才麗竹332","aaaaa"
"60333","配送業者名才麗竹333","aaaaa"
"60334","配送業者名才麗竹334","aaaaa"
"60363","配送業者名才麗竹363","aaaaa"
"60367","配送業者名才麗竹367","aaaaa"
"60376","配送業者名才麗竹376","aaaaa"
"60379","配送業者名才麗竹379","aaaaa"
"60380","配送業者名才麗竹380","aaaaa"
"60392","配送業者名才麗竹392","aaaaa"
"60395","配送業者名才麗竹395","aaaaa"
"60421","配送業者名才麗竹421","aaaaa"
"60013","配送業者名才麗竹13","aaaaa"
"60016","配送業者名才麗竹16","aaaaa"
"60025","配送業者名才麗竹25","aaaaa"
"60028","配送業者名才麗竹28","aaaaa"
"60035","配送業者名才麗竹35","aaaaa"
"60039","配送業者名才麗竹39","aaaaa"
"60046","配送業者名才麗竹46","aaaaa"
"60058","配送業者名才麗竹58","aaaaa"
"60060","配送業者名才麗竹60","aaaaa"
"60062","配送業者名才麗竹62","aaaaa"
"60077","配送業者名才麗竹77","aaaaa"
"60103","配送業者名才麗竹103","aaaaa"
"60847","配送業者名才麗竹847","aaaaa"
"60862","配送業者名才麗竹862","aaaaa"
"60863","配送業者名才麗竹863","aaaaa"
"60864","配送業者名才麗竹864","aaaaa"
"60871","配送業者名才麗竹871","aaaaa"
"60875","配送業者名才麗竹875","aaaaa"
"60879","配送業者名才麗竹879","aaaaa"
"60880","配送業者名才麗竹880","aaaaa"
"60884","配送業者名才麗竹884","aaaaa"
"60893","配送業者名才麗竹893","aaaaa"
"60904","配送業者名才麗竹904","aaaaa"
"60913","配送業者名才麗竹913","aaaaa"
"60921","配送業者名才麗竹921","aaaaa"
"60934","配送業者名才麗竹934","aaaaa"
"60936","配送業者名才麗竹936","aaaaa"
"60939","配送業者名才麗竹939","aaaaa"
"60943","配送業者名才麗竹943","aaaaa"
"60946","配送業者名才麗竹946","aaaaa"
"60958","配送業者名才麗竹958","aaaaa"
"60961","配送業者名才麗竹961","aaaaa"
"60965","配送業者名才麗竹965","aaaaa"
"60970","配送業者名才麗竹970","aaaaa"
"60976","配送業者名才麗竹976","aaaaa"
"60982","配送業者名才麗竹982","aaaaa"
"60534","配送業者名才麗竹534","aaaaa"
"60563","配送業者名才麗竹563","aaaaa"
"60576","配送業者名才麗竹576","aaaaa"
"60586","配送業者名才麗竹586","aaaaa"
"60587","配送業者名才麗竹587","aaaaa"
"60612","配送業者名才麗竹612","aaaaa"
"60615","配送業者名才麗竹615","aaaaa"
"60632","配送業者名才麗竹632","aaaaa"
"60638","配送業者名才麗竹638","aaaaa"
"60659","配送業者名才麗竹659","aaaaa"
"60660","配送業者名才麗竹660","aaaaa"
"60666","配送業者名才麗竹666","aaaaa"
"60667","配送業者名才麗竹667","aaaaa"
"60687","配送業者名才麗竹687","aaaaa"
"60691","配送業者名才麗竹691","aaaaa"
"60700","配送業者名才麗竹700","aaaaa"
"60708","配送業者名才麗竹708","aaaaa"
"60718","配送業者名才麗竹718","aaaaa"
"60725","配送業者名才麗竹725","aaaaa"
"60726","配送業者名才麗竹726","aaaaa"
"60730","配送業者名才麗竹730","aaaaa"
"60734","配送業者名才麗竹734","aaaaa"
"60739","配送業者名才麗竹739","aaaaa"
"60743","配送業者名才麗竹743","aaaaa"
"60756","配送業者名才麗竹756","aaaaa"
"60758","配送業者名才麗竹758","aaaaa"
"60764","配送業者名才麗竹764","aaaaa"
"60773","配送業者名才麗竹773","aaaaa"
"60783","配送業者名才麗竹783","aaaaa"
"60784","配送業者名才麗竹784","aaaaa"
"60785","配送業者名才麗竹785","aaaaa"
"60803","配送業者名才麗竹803","aaaaa"
"60820","配送業者名才麗竹820","aaaaa"
"60107","配送業者名才麗竹107","aaaaa"
"60125","配送業者名才麗竹125","aaaaa"
"60134","配送業者名才麗竹134","aaaaa"
"60140","配送業者名才麗竹140","aaaaa"
"60147","配送業者名才麗竹147","aaaaa"
"60157","配送業者名才麗竹157","aaaaa"
"60174","配送業者名才麗竹174","aaaaa"
"60181","配送業者名才麗竹181","aaaaa"
"60190","配送業者名才麗竹190","aaaaa"
"60425","配送業者名才麗竹425","aaaaa"
"60426","配送業者名才麗竹426","aaaaa"
"60428","配送業者名才麗竹428","aaaaa"
"60445","配送業者名才麗竹445","aaaaa"
"60459","配送業者名才麗竹459","aaaaa"
"60461","配送業者名才麗竹461","aaaaa"
"60467","配送業者名才麗竹467","aaaaa"
"60470","配送業者名才麗竹470","aaaaa"
"60473","配送業者名才麗竹473","aaaaa"
"60477","配送業者名才麗竹477","aaaaa"
"60482","配送業者名才麗竹482","aaaaa"
"60489","配送業者名才麗竹489","aaaaa"
"60494","配送業者名才麗竹494","aaaaa"
"60505","配送業者名才麗竹505","aaaaa"
"60507","配送業者名才麗竹507","aaaaa"
"60523","配送業者名才麗竹523","aaaaa"
"60524","配送業者名才麗竹524","aaaaa"
"60216","配送業者名才麗竹216","aaaaa"
"60218","配送業者名才麗竹218","aaaaa"
"60225","配送業者名才麗竹225","aaaaa"
"60232","配送業者名才麗竹232","aaaaa"
"60236","配送業者名才麗竹236","aaaaa"
"60255","配送業者名才麗竹255","aaaaa"
"60257","配送業者名才麗竹257","aaaaa"
"60261","配送業者名才麗竹261","aaaaa"
"60263","配送業者名才麗竹263","aaaaa"
"60283","配送業者名才麗竹283","aaaaa"
"60284","配送業者名才麗竹284","aaaaa"
"60288","配送業者名才麗竹288","aaaaa"
"60292","配送業者名才麗竹292","aaaaa"
"60309","配送業者名才麗竹309","aaaaa"
"60345","配送業者名才麗竹345","aaaaa"
"60359","配送業者名才麗竹359","aaaaa"
"60368","配送業者名才麗竹368","aaaaa"
"60369","配送業者名才麗竹369","aaaaa"
"60371","配送業者名才麗竹371","aaaaa"
"60381","配送業者名才麗竹381","aaaaa"
"60384","配送業者名才麗竹384","aaaaa"
"60386","配送業者名才麗竹386","aaaaa"
"60388","配送業者名才麗竹388","aaaaa"
"60394","配送業者名才麗竹394","aaaaa"
"60400","配送業者名才麗竹400","aaaaa"
"60411","配送業者名才麗竹411","aaaaa"
"60414","配送業者名才麗竹414","aaaaa"
"60012","配送業者名才麗竹12","aaaaa"
"60021","配送業者名才麗竹21","aaaaa"
"60022","配送業者名才麗竹22","aaaaa"
"60026","配送業者名才麗竹26","aaaaa"
"60027","配送業者名才麗竹27","aaaaa"
"60030","配送業者名才麗竹30","aaaaa"
"60038","配送業者名才麗竹38","aaaaa"
"60040","配送業者名才麗竹40","aaaaa"
"60063","配送業者名才麗竹63","aaaaa"
"60065","配送業者名才麗竹65","aaaaa"
"60067","配送業者名才麗竹67","aaaaa"
"60073","配送業者名才麗竹73","aaaaa"
"60075","配送業者名才麗竹75","aaaaa"
"60083","配送業者名才麗竹83","aaaaa"
"60094","配送業者名才麗竹94","aaaaa"
"60101","配送業者名才麗竹101","aaaaa"
"60105","配送業者名才麗竹105","aaaaa"
"60843","配送業者名才麗竹843","aaaaa"
"60868","配送業者名才麗竹868","aaaaa"
"60874","配送業者名才麗竹874","aaaaa"
"60881","配送業者名才麗竹881","aaaaa"
"60894","配送業者名才麗竹894","aaaaa"
"60908","配送業者名才麗竹908","aaaaa"
"60909","配送業者名才麗竹909","aaaaa"
"60918","配送業者名才麗竹918","aaaaa"
"60925","配送業者名才麗竹925","aaaaa"
"60928","配送業者名才麗竹928","aaaaa"
"60929","配送業者名才麗竹929","aaaaa"
"60938","配送業者名才麗竹938","aaaaa"
"60949","配送業者名才麗竹949","aaaaa"
"60957","配送業者名才麗竹957","aaaaa"
"60962","配送業者名才麗竹962","aaaaa"
"60969","配送業者名才麗竹969","aaaaa"
"60977","配送業者名才麗竹977","aaaaa"
"60980","配送業者名才麗竹980","aaaaa"
"60987","配送業者名才麗竹987","aaaaa"
"60994","配送業者名才麗竹994","aaaaa"
"60998","配送業者名才麗竹998","aaaaa"
"60540","配送業者名才麗竹540","aaaaa"
"60553","配送業者名才麗竹553","aaaaa"
"60561","配送業者名才麗竹561","aaaaa"
"60565","配送業者名才麗竹565","aaaaa"
"60566","配送業者名才麗竹566","aaaaa"
"60569","配送業者名才麗竹569","aaaaa"
"60575","配送業者名才麗竹575","aaaaa"
"60591","配送業者名才麗竹591","aaaaa"
"60597","配送業者名才麗竹597","aaaaa"
"60598","配送業者名才麗竹598","aaaaa"
"60604","配送業者名才麗竹604","aaaaa"
"60630","配送業者名才麗竹630","aaaaa"
"60635","配送業者名才麗竹635","aaaaa"
"60639","配送業者名才麗竹639","aaaaa"
"60644","配送業者名才麗竹644","aaaaa"
"60656","配送業者名才麗竹656","aaaaa"
"60671","配送業者名才麗竹671","aaaaa"
"60672","配送業者名才麗竹672","aaaaa"
"60676","配送業者名才麗竹676","aaaaa"
"60678","配送業者名才麗竹678","aaaaa"
"60681","配送業者名才麗竹681","aaaaa"
"60683","配送業者名才麗竹683","aaaaa"
"60685","配送業者名才麗竹685","aaaaa"
"60709","配送業者名才麗竹709","aaaaa"
"60717","配送業者名才麗竹717","aaaaa"
"60727","配送業者名才麗竹727","aaaaa"
"60729","配送業者名才麗竹729","aaaaa"
"60741","配送業者名才麗竹741","aaaaa"
"60746","配送業者名才麗竹746","aaaaa"
"60767","配送業者名才麗竹767","aaaaa"
"60770","配送業者名才麗竹770","aaaaa"
"60786","配送業者名才麗竹786","aaaaa"
"60799","配送業者名才麗竹799","aaaaa"
"60806","配送業者名才麗竹806","aaaaa"
"60809","配送業者名才麗竹809","aaaaa"
"60832","配送業者名才麗竹832","aaaaa"
"60114","配送業者名才麗竹114","aaaaa"
"60136","配送業者名才麗竹136","aaaaa"
"60141","配送業者名才麗竹141","aaaaa"
"60145","配送業者名才麗竹145","aaaaa"
"60149","配送業者名才麗竹149","aaaaa"
"60153","配送業者名才麗竹153","aaaaa"
"60156","配送業者名才麗竹156","aaaaa"
"60169","配送業者名才麗竹169","aaaaa"
"60175","配送業者名才麗竹175","aaaaa"
"60176","配送業者名才麗竹176","aaaaa"
"60179","配送業者名才麗竹179","aaaaa"
"60197","配送業者名才麗竹197","aaaaa"
"60206","配送業者名才麗竹206","aaaaa"
"60209","配送業者名才麗竹209","aaaaa"
"60436","配送業者名才麗竹436","aaaaa"
"60446","配送業者名才麗竹446","aaaaa"
"60448","配送業者名才麗竹448","aaaaa"
"60450","配送業者名才麗竹450","aaaaa"
"60456","配送業者名才麗竹456","aaaaa"
"60468","配送業者名才麗竹468","aaaaa"
"60506","配送業者名才麗竹506","aaaaa"
"60513","配送業者名才麗竹513","aaaaa"
"60515","配送業者名才麗竹515","aaaaa"
"60222","配送業者名才麗竹222","aaaaa"
"60231","配送業者名才麗竹231","aaaaa"
"60233","配送業者名才麗竹233","aaaaa"
"60249","配送業者名才麗竹249","aaaaa"
"60258","配送業者名才麗竹258","aaaaa"
"60265","配送業者名才麗竹265","aaaaa"
"60267","配送業者名才麗竹267","aaaaa"
"60272","配送業者名才麗竹272","aaaaa"
"60289","配送業者名才麗竹289","aaaaa"
"60294","配送業者名才麗竹294","aaaaa"
"60298","配送業者名才麗竹298","aaaaa"
"60311","配送業者名才麗竹311","aaaaa"
"60322","配送業者名才麗竹322","aaaaa"
"60324","配送業者名才麗竹324","aaaaa"
"60326","配送業者名才麗竹326","aaaaa"
"60329","配送業者名才麗竹329","aaaaa"
"60331","配送業者名才麗竹331","aaaaa"
"60341","配送業者名才麗竹341","aaaaa"
"60342","配送業者名才麗竹342","aaaaa"
"60350","配送業者名才麗竹350","aaaaa"
"60351","配送業者名才麗竹351","aaaaa"
"60353","配送業者名才麗竹353","aaaaa"
"60372","配送業者名才麗竹372","aaaaa"
"60377","配送業者名才麗竹377","aaaaa"
"60385","配送業者名才麗竹385","aaaaa"
"60389","配送業者名才麗竹389","aaaaa"
"60390","配送業者名才麗竹390","aaaaa"
"60397","配送業者名才麗竹397","aaaaa"
"60399","配送業者名才麗竹399","aaaaa"
"60403","配送業者名才麗竹403","aaaaa"
"60407","配送業者名才麗竹407","aaaaa"
"60415","配送業者名才麗竹415","aaaaa"
"60416","配送業者名才麗竹416","aaaaa"
"60419","配送業者名才麗竹419","aaaaa"
"60007","配送業者名才麗竹7","aaaaa"
"60011","配送業者名才麗竹11","aaaaa"
"60015","配送業者名才麗竹15","aaaaa"
"60017","配送業者名才麗竹17","aaaaa"
"60020","配送業者名才麗竹20","aaaaa"
"60023","配送業者名才麗竹23","aaaaa"
"60037","配送業者名才麗竹37","aaaaa"
"60042","配送業者名才麗竹42","aaaaa"
"60051","配送業者名才麗竹51","aaaaa"
"60078","配送業者名才麗竹78","aaaaa"
"60079","配送業者名才麗竹79","aaaaa"
"60090","配送業者名才麗竹90","aaaaa"
"60093","配送業者名才麗竹93","aaaaa"
"60842","配送業者名才麗竹842","aaaaa"
"60846","配送業者名才麗竹846","aaaaa"
"60850","配送業者名才麗竹850","aaaaa"
"60856","配送業者名才麗竹856","aaaaa"
"60867","配送業者名才麗竹867","aaaaa"
"60872","配送業者名才麗竹872","aaaaa"
"60876","配送業者名才麗竹876","aaaaa"
"60882","配送業者名才麗竹882","aaaaa"
"60887","配送業者名才麗竹887","aaaaa"
"60888","配送業者名才麗竹888","aaaaa"
"60901","配送業者名才麗竹901","aaaaa"
"60902","配送業者名才麗竹902","aaaaa"
"60915","配送業者名才麗竹915","aaaaa"
"60916","配送業者名才麗竹916","aaaaa"
"60917","配送業者名才麗竹917","aaaaa"
"60919","配送業者名才麗竹919","aaaaa"
"60931","配送業者名才麗竹931","aaaaa"
"60933","配送業者名才麗竹933","aaaaa"
"60940","配送業者名才麗竹940","aaaaa"
"60978","配送業者名才麗竹978","aaaaa"
"60527","配送業者名才麗竹527","aaaaa"
"60530","配送業者名才麗竹530","aaaaa"
"60547","配送業者名才麗竹547","aaaaa"
"60550","配送業者名才麗竹550","aaaaa"
"60556","配送業者名才麗竹556","aaaaa"
"60558","配送業者名才麗竹558","aaaaa"
"60559","配送業者名才麗竹559","aaaaa"
"60564","配送業者名才麗竹564","aaaaa"
"60568","配送業者名才麗竹568","aaaaa"
"60577","配送業者名才麗竹577","aaaaa"
"60582","配送業者名才麗竹582","aaaaa"
"60590","配送業者名才麗竹590","aaaaa"
"60594","配送業者名才麗竹594","aaaaa"
"60600","配送業者名才麗竹600","aaaaa"
"60609","配送業者名才麗竹609","aaaaa"
"60633","配送業者名才麗竹633","aaaaa"
"60637","配送業者名才麗竹637","aaaaa"
"60640","配送業者名才麗竹640","aaaaa"
"60641","配送業者名才麗竹641","aaaaa"
"60648","配送業者名才麗竹648","aaaaa"
"60650","配送業者名才麗竹650","aaaaa"
"60655","配送業者名才麗竹655","aaaaa"
"60663","配送業者名才麗竹663","aaaaa"
"60664","配送業者名才麗竹664","aaaaa"
"60665","配送業者名才麗竹665","aaaaa"
"60669","配送業者名才麗竹669","aaaaa"
"60673","配送業者名才麗竹673","aaaaa"
"60686","配送業者名才麗竹686","aaaaa"
"60688","配送業者名才麗竹688","aaaaa"
"60693","配送業者名才麗竹693","aaaaa"
"60701","配送業者名才麗竹701","aaaaa"
"60705","配送業者名才麗竹705","aaaaa"
"60711","配送業者名才麗竹711","aaaaa"
"60720","配送業者名才麗竹720","aaaaa"
"60728","配送業者名才麗竹728","aaaaa"
"60731","配送業者名才麗竹731","aaaaa"
"60738","配送業者名才麗竹738","aaaaa"
"60740","配送業者名才麗竹740","aaaaa"
"60742","配送業者名才麗竹742","aaaaa"
"60750","配送業者名才麗竹750","aaaaa"
"60753","配送業者名才麗竹753","aaaaa"
"60755","配送業者名才麗竹755","aaaaa"
"60760","配送業者名才麗竹760","aaaaa"
"60765","配送業者名才麗竹765","aaaaa"
"60771","配送業者名才麗竹771","aaaaa"
"60772","配送業者名才麗竹772","aaaaa"
"60774","配送業者名才麗竹774","aaaaa"
"60779","配送業者名才麗竹779","aaaaa"
"60793","配送業者名才麗竹793","aaaaa"
"60795","配送業者名才麗竹795","aaaaa"
"60805","配送業者名才麗竹805","aaaaa"
"60819","配送業者名才麗竹819","aaaaa"
"60822","配送業者名才麗竹822","aaaaa"
"60826","配送業者名才麗竹826","aaaaa"
"60827","配送業者名才麗竹827","aaaaa"
"60828","配送業者名才麗竹828","aaaaa"
"60829","配送業者名才麗竹829","aaaaa"
"60833","配送業者名才麗竹833","aaaaa"
"60118","配送業者名才麗竹118","aaaaa"
"60123","配送業者名才麗竹123","aaaaa"
"60126","配送業者名才麗竹126","aaaaa"
"60135","配送業者名才麗竹135","aaaaa"
"60143","配送業者名才麗竹143","aaaaa"
"60150","配送業者名才麗竹150","aaaaa"
"60154","配送業者名才麗竹154","aaaaa"
"60173","配送業者名才麗竹173","aaaaa"
"60183","配送業者名才麗竹183","aaaaa"
"60189","配送業者名才麗竹189","aaaaa"
"60191","配送業者名才麗竹191","aaaaa"
"60192","配送業者名才麗竹192","aaaaa"
"60202","配送業者名才麗竹202","aaaaa"
"60464","配送業者名才麗竹464","aaaaa"
"60469","配送業者名才麗竹469","aaaaa"
"60472","配送業者名才麗竹472","aaaaa"
"60474","配送業者名才麗竹474","aaaaa"
"60485","配送業者名才麗竹485","aaaaa"
"60491","配送業者名才麗竹491","aaaaa"
"60503","配送業者名才麗竹503","aaaaa"
"60516","配送業者名才麗竹516","aaaaa"
"60517","配送業者名才麗竹517","aaaaa"
"60525","配送業者名才麗竹525","aaaaa"
"60226","配送業者名才麗竹226","aaaaa"
"60238","配送業者名才麗竹238","aaaaa"
"60275","配送業者名才麗竹275","aaaaa"
"60280","配送業者名才麗竹280","aaaaa"
"60281","配送業者名才麗竹281","aaaaa"
"60291","配送業者名才麗竹291","aaaaa"
"60296","配送業者名才麗竹296","aaaaa"
"60300","配送業者名才麗竹300","aaaaa"
"60303","配送業者名才麗竹303","aaaaa"
"60307","配送業者名才麗竹307","aaaaa"
"60312","配送業者名才麗竹312","aaaaa"
"60313","配送業者名才麗竹313","aaaaa"
"60317","配送業者名才麗竹317","aaaaa"
"60328","配送業者名才麗竹328","aaaaa"
"60336","配送業者名才麗竹336","aaaaa"
"60337","配送業者名才麗竹337","aaaaa"
"60346","配送業者名才麗竹346","aaaaa"
"60352","配送業者名才麗竹352","aaaaa"
"60354","配送業者名才麗竹354","aaaaa"
"60362","配送業者名才麗竹362","aaaaa"
"60364","配送業者名才麗竹364","aaaaa"
"60396","配送業者名才麗竹396","aaaaa"
"60404","配送業者名才麗竹404","aaaaa"
"60405","配送業者名才麗竹405","aaaaa"
"60408","配送業者名才麗竹408","aaaaa"
"60413","配送業者名才麗竹413","aaaaa"
"60420","配送業者名才麗竹420","aaaaa"
"60001","配送業者名才麗竹1","aaaaa"
"60004","配送業者名才麗竹4","aaaaa"
"60010","配送業者名才麗竹10","aaaaa"
"60031","配送業者名才麗竹31","aaaaa"
"60036","配送業者名才麗竹36","aaaaa"
"60041","配送業者名才麗竹41","aaaaa"
"60045","配送業者名才麗竹45","aaaaa"
"60050","配送業者名才麗竹50","aaaaa"
"60061","配送業者名才麗竹61","aaaaa"
"60089","配送業者名才麗竹89","aaaaa"
"60095","配送業者名才麗竹95","aaaaa"
"60106","配送業者名才麗竹106","aaaaa"
"60844","配送業者名才麗竹844","aaaaa"
"60851","配送業者名才麗竹851","aaaaa"
"60853","配送業者名才麗竹853","aaaaa"
"60858","配送業者名才麗竹858","aaaaa"
"60860","配送業者名才麗竹860","aaaaa"
"60865","配送業者名才麗竹865","aaaaa"
"60869","配送業者名才麗竹869","aaaaa"
"60878","配送業者名才麗竹878","aaaaa"
"60905","配送業者名才麗竹905","aaaaa"
"60910","配送業者名才麗竹910","aaaaa"
"60911","配送業者名才麗竹911","aaaaa"
"60923","配送業者名才麗竹923","aaaaa"
"60935","配送業者名才麗竹935","aaaaa"
"60953","配送業者名才麗竹953","aaaaa"
"60954","配送業者名才麗竹954","aaaaa"
"60975","配送業者名才麗竹975","aaaaa"
"60979","配送業者名才麗竹979","aaaaa"
"60996","配送業者名才麗竹996","aaaaa"
"60529","配送業者名才麗竹529","aaaaa"
"60533","配送業者名才麗竹533","aaaaa"
"60544","配送業者名才麗竹544","aaaaa"
"60581","配送業者名才麗竹581","aaaaa"
"60596","配送業者名才麗竹596","aaaaa"
"60605","配送業者名才麗竹605","aaaaa"
"60617","配送業者名才麗竹617","aaaaa"
"60621","配送業者名才麗竹621","aaaaa"
"60623","配送業者名才麗竹623","aaaaa"
"60627","配送業者名才麗竹627","aaaaa"
"60642","配送業者名才麗竹642","aaaaa"
"60645","配送業者名才麗竹645","aaaaa"
"60657","配送業者名才麗竹657","aaaaa"
"60668","配送業者名才麗竹668","aaaaa"
"60670","配送業者名才麗竹670","aaaaa"
"60674","配送業者名才麗竹674","aaaaa"
"60682","配送業者名才麗竹682","aaaaa"
"60698","配送業者名才麗竹698","aaaaa"
"60735","配送業者名才麗竹735","aaaaa"
"60744","配送業者名才麗竹744","aaaaa"
"60749","配送業者名才麗竹749","aaaaa"
"60754","配送業者名才麗竹754","aaaaa"
"60759","配送業者名才麗竹759","aaaaa"
"60761","配送業者名才麗竹761","aaaaa"
"60792","配送業者名才麗竹792","aaaaa"
"60801","配送業者名才麗竹801","aaaaa"
"60802","配送業者名才麗竹802","aaaaa"
"60807","配送業者名才麗竹807","aaaaa"
"60812","配送業者名才麗竹812","aaaaa"
"60817","配送業者名才麗竹817","aaaaa"
"60821","配送業者名才麗竹821","aaaaa"
"60824","配送業者名才麗竹824","aaaaa"
"60109","配送業者名才麗竹109","aaaaa"
"60110","配送業者名才麗竹110","aaaaa"
"60111","配送業者名才麗竹111","aaaaa"
"60119","配送業者名才麗竹119","aaaaa"
"60128","配送業者名才麗竹128","aaaaa"
"60129","配送業者名才麗竹129","aaaaa"
"60133","配送業者名才麗竹133","aaaaa"
"60151","配送業者名才麗竹151","aaaaa"
"60159","配送業者名才麗竹159","aaaaa"
"60160","配送業者名才麗竹160","aaaaa"
"60161","配送業者名才麗竹161","aaaaa"
"60170","配送業者名才麗竹170","aaaaa"
"60171","配送業者名才麗竹171","aaaaa"
"60180","配送業者名才麗竹180","aaaaa"
"60182","配送業者名才麗竹182","aaaaa"
"60194","配送業者名才麗竹194","aaaaa"
"60423","配送業者名才麗竹423","aaaaa"
"60433","配送業者名才麗竹433","aaaaa"
"60443","配送業者名才麗竹443","aaaaa"
"60457","配送業者名才麗竹457","aaaaa"
"60475","配送業者名才麗竹475","aaaaa"
"60481","配送業者名才麗竹481","aaaaa"
"60496","配送業者名才麗竹496","aaaaa"
"60497","配送業者名才麗竹497","aaaaa"
"60498","配送業者名才麗竹498","aaaaa"
"60512","配送業者名才麗竹512","aaaaa"
"60519","配送業者名才麗竹519","aaaaa"
"60221","配送業者名才麗竹221","aaaaa"
"60237","配送業者名才麗竹237","aaaaa"
"60242","配送業者名才麗竹242","aaaaa"
"60244","配送業者名才麗竹244","aaaaa"
"60248","配送業者名才麗竹248","aaaaa"
"60250","配送業者名才麗竹250","aaaaa"
"60251","配送業者名才麗竹251","aaaaa"
"60252","配送業者名才麗竹252","aaaaa"
"60264","配送業者名才麗竹264","aaaaa"
"60271","配送業者名才麗竹271","aaaaa"
"60290","配送業者名才麗竹290","aaaaa"
"60305","配送業者名才麗竹305","aaaaa"
"60314","配送業者名才麗竹314","aaaaa"
"60323","配送業者名才麗竹323","aaaaa"
"60330","配送業者名才麗竹330","aaaaa"
"60339","配送業者名才麗竹339","aaaaa"
"60343","配送業者名才麗竹343","aaaaa"
"60365","配送業者名才麗竹365","aaaaa"
"60375","配送業者名才麗竹375","aaaaa"
"60382","配送業者名才麗竹382","aaaaa"
"60402","配送業者名才麗竹402","aaaaa"
"60406","配送業者名才麗竹406","aaaaa"
"60417","配送業者名才麗竹417","aaaaa"
"60418","配送業者名才麗竹418","aaaaa"
"60006","配送業者名才麗竹6","aaaaa"
"60014","配送業者名才麗竹14","aaaaa"
"60033","配送業者名才麗竹33","aaaaa"
"60034","配送業者名才麗竹34","aaaaa"
"60054","配送業者名才麗竹54","aaaaa"
"60057","配送業者名才麗竹57","aaaaa"
"60071","配送業者名才麗竹71","aaaaa"
"60074","配送業者名才麗竹74","aaaaa"
"60081","配送業者名才麗竹81","aaaaa"
"60088","配送業者名才麗竹88","aaaaa"
"60092","配送業者名才麗竹92","aaaaa"
"60098","配送業者名才麗竹98","aaaaa"
"60104","配送業者名才麗竹104","aaaaa"
"60861","配送業者名才麗竹861","aaaaa"
"60870","配送業者名才麗竹870","aaaaa"
"60877","配送業者名才麗竹877","aaaaa"
"60895","配送業者名才麗竹895","aaaaa"
"60912","配送業者名才麗竹912","aaaaa"
"60914","配送業者名才麗竹914","aaaaa"
"60920","配送業者名才麗竹920","aaaaa"
"60924","配送業者名才麗竹924","aaaaa"
"60930","配送業者名才麗竹930","aaaaa"
"60937","配送業者名才麗竹937","aaaaa"
"60945","配送業者名才麗竹945","aaaaa"
"60956","配送業者名才麗竹956","aaaaa"
"60960","配送業者名才麗竹960","aaaaa"
"60966","配送業者名才麗竹966","aaaaa"
"60971","配送業者名才麗竹971","aaaaa"
"60972","配送業者名才麗竹972","aaaaa"
"60983","配送業者名才麗竹983","aaaaa"
"60988","配送業者名才麗竹988","aaaaa"
"60997","配送業者名才麗竹997","aaaaa"
"60999","配送業者名才麗竹999","aaaaa"
"61000","配送業者名才麗竹1000","aaaaa"
"60539","配送業者名才麗竹539","aaaaa"
"60541","配送業者名才麗竹541","aaaaa"
"60543","配送業者名才麗竹543","aaaaa"
"60546","配送業者名才麗竹546","aaaaa"
"60557","配送業者名才麗竹557","aaaaa"
"60571","配送業者名才麗竹571","aaaaa"
"60589","配送業者名才麗竹589","aaaaa"
"60613","配送業者名才麗竹613","aaaaa"
"60619","配送業者名才麗竹619","aaaaa"
"60622","配送業者名才麗竹622","aaaaa"
"60629","配送業者名才麗竹629","aaaaa"
"60634","配送業者名才麗竹634","aaaaa"
"60653","配送業者名才麗竹653","aaaaa"
"60692","配送業者名才麗竹692","aaaaa"
"60694","配送業者名才麗竹694","aaaaa"
"60702","配送業者名才麗竹702","aaaaa"
"60707","配送業者名才麗竹707","aaaaa"
"60710","配送業者名才麗竹710","aaaaa"
"60713","配送業者名才麗竹713","aaaaa"
"60732","配送業者名才麗竹732","aaaaa"
"60733","配送業者名才麗竹733","aaaaa"
"60736","配送業者名才麗竹736","aaaaa"
"60748","配送業者名才麗竹748","aaaaa"
"60763","配送業者名才麗竹763","aaaaa"
"60768","配送業者名才麗竹768","aaaaa"
"60777","配送業者名才麗竹777","aaaaa"
"60782","配送業者名才麗竹782","aaaaa"
"60789","配送業者名才麗竹789","aaaaa"
"60813","配送業者名才麗竹813","aaaaa"
"60836","配送業者名才麗竹836","aaaaa"
"60837","配送業者名才麗竹837","aaaaa"
"60116","配送業者名才麗竹116","aaaaa"
"60121","配送業者名才麗竹121","aaaaa"
"60124","配送業者名才麗竹124","aaaaa"
"60137","配送業者名才麗竹137","aaaaa"
"60155","配送業者名才麗竹155","aaaaa"
"60168","配送業者名才麗竹168","aaaaa"
"60178","配送業者名才麗竹178","aaaaa"
"60193","配送業者名才麗竹193","aaaaa"
"60196","配送業者名才麗竹196","aaaaa"
"60204","配送業者名才麗竹204","aaaaa"
"60211","配送業者名才麗竹211","aaaaa"
"60424","配送業者名才麗竹424","aaaaa"
"60431","配送業者名才麗竹431","aaaaa"
"60434","配送業者名才麗竹434","aaaaa"
"60442","配送業者名才麗竹442","aaaaa"
"60451","配送業者名才麗竹451","aaaaa"
"60452","配送業者名才麗竹452","aaaaa"
"60453","配送業者名才麗竹453","aaaaa"
"60455","配送業者名才麗竹455","aaaaa"
"60471","配送業者名才麗竹471","aaaaa"
"60479","配送業者名才麗竹479","aaaaa"
"60486","配送業者名才麗竹486","aaaaa"
"60493","配送業者名才麗竹493","aaaaa"
"60502","配送業者名才麗竹502","aaaaa"
"60509","配送業者名才麗竹509","aaaaa"
"60514","配送業者名才麗竹514","aaaaa"
"60215","配送業者名才麗竹215","aaaaa"
"60220","配送業者名才麗竹220","aaaaa"
"60224","配送業者名才麗竹224","aaaaa"
"60230","配送業者名才麗竹230","aaaaa"
"60254","配送業者名才麗竹254","aaaaa"
"60268","配送業者名才麗竹268","aaaaa"
"60295","配送業者名才麗竹295","aaaaa"
"60316","配送業者名才麗竹316","aaaaa"
"60356","配送業者名才麗竹356","aaaaa"
"60378","配送業者名才麗竹378","aaaaa"
"60383","配送業者名才麗竹383","aaaaa"
"60393","配送業者名才麗竹393","aaaaa"
"60409","配送業者名才麗竹409","aaaaa"
"60008","配送業者名才麗竹8","aaaaa"
"60019","配送業者名才麗竹19","aaaaa"
"60024","配送業者名才麗竹24","aaaaa"
"60043","配送業者名才麗竹43","aaaaa"
"60044","配送業者名才麗竹44","aaaaa"
"60048","配送業者名才麗竹48","aaaaa"
"60049","配送業者名才麗竹49","aaaaa"
"60055","配送業者名才麗竹55","aaaaa"
"60070","配送業者名才麗竹70","aaaaa"
"60072","配送業者名才麗竹72","aaaaa"
"60076","配送業者名才麗竹76","aaaaa"
"60102","配送業者名才麗竹102","aaaaa"
"60845","配送業者名才麗竹845","aaaaa"
"60849","配送業者名才麗竹849","aaaaa"
"60852","配送業者名才麗竹852","aaaaa"
"60885","配送業者名才麗竹885","aaaaa"
"60891","配送業者名才麗竹891","aaaaa"
"60898","配送業者名才麗竹898","aaaaa"
"60906","配送業者名才麗竹906","aaaaa"
"60926","配送業者名才麗竹926","aaaaa"
"60932","配送業者名才麗竹932","aaaaa"
"60942","配送業者名才麗竹942","aaaaa"
"60951","配送業者名才麗竹951","aaaaa"
"60952","配送業者名才麗竹952","aaaaa"
"60955","配送業者名才麗竹955","aaaaa"
"60963","配送業者名才麗竹963","aaaaa"
"60981","配送業者名才麗竹981","aaaaa"
"60985","配送業者名才麗竹985","aaaaa"
"60986","配送業者名才麗竹986","aaaaa"
"60990","配送業者名才麗竹990","aaaaa"
"60992","配送業者名才麗竹992","aaaaa"
"60993","配送業者名才麗竹993","aaaaa"
"60535","配送業者名才麗竹535","aaaaa"
"60538","配送業者名才麗竹538","aaaaa"
"60555","配送業者名才麗竹555","aaaaa"
"60560","配送業者名才麗竹560","aaaaa"
"60562","配送業者名才麗竹562","aaaaa"
"60574","配送業者名才麗竹574","aaaaa"
"60580","配送業者名才麗竹580","aaaaa"
"60585","配送業者名才麗竹585","aaaaa"
"60607","配送業者名才麗竹607","aaaaa"
"60611","配送業者名才麗竹611","aaaaa"
"60614","配送業者名才麗竹614","aaaaa"
"60624","配送業者名才麗竹624","aaaaa"
"60628","配送業者名才麗竹628","aaaaa"
"60649","配送業者名才麗竹649","aaaaa"
"60654","配送業者名才麗竹654","aaaaa"
"60675","配送業者名才麗竹675","aaaaa"
"60677","配送業者名才麗竹677","aaaaa"
"60679","配送業者名才麗竹679","aaaaa"
"60689","配送業者名才麗竹689","aaaaa"
"60690","配送業者名才麗竹690","aaaaa"
"60695","配送業者名才麗竹695","aaaaa"
"60706","配送業者名才麗竹706","aaaaa"
"60712","配送業者名才麗竹712","aaaaa"
"60721","配送業者名才麗竹721","aaaaa"
"60722","配送業者名才麗竹722","aaaaa"
"60752","配送業者名才麗竹752","aaaaa"
"60757","配送業者名才麗竹757","aaaaa"
"60762","配送業者名才麗竹762","aaaaa"
"60766","配送業者名才麗竹766","aaaaa"
"60769","配送業者名才麗竹769","aaaaa"
"60778","配送業者名才麗竹778","aaaaa"
"60780","配送業者名才麗竹780","aaaaa"
"60791","配送業者名才麗竹791","aaaaa"
"60794","配送業者名才麗竹794","aaaaa"
"60800","配送業者名才麗竹800","aaaaa"
"60811","配送業者名才麗竹811","aaaaa"
"60818","配送業者名才麗竹818","aaaaa"
"60823","配送業者名才麗竹823","aaaaa"
"60831","配送業者名才麗竹831","aaaaa"
"60841","配送業者名才麗竹841","aaaaa"
"60115","配送業者名才麗竹115","aaaaa"
"60131","配送業者名才麗竹131","aaaaa"
"60138","配送業者名才麗竹138","aaaaa"
"60148","配送業者名才麗竹148","aaaaa"
"60152","配送業者名才麗竹152","aaaaa"
"60158","配送業者名才麗竹158","aaaaa"
"60163","配送業者名才麗竹163","aaaaa"
"60167","配送業者名才麗竹167","aaaaa"
"60186","配送業者名才麗竹186","aaaaa"
"60188","配送業者名才麗竹188","aaaaa"
"60200","配送業者名才麗竹200","aaaaa"
"60205","配送業者名才麗竹205","aaaaa"
"60207","配送業者名才麗竹207","aaaaa"
"60212","配送業者名才麗竹212","aaaaa"
"60427","配送業者名才麗竹427","aaaaa"
"60439","配送業者名才麗竹439","aaaaa"
"60440","配送業者名才麗竹440","aaaaa"
"60444","配送業者名才麗竹444","aaaaa"
"60447","配送業者名才麗竹447","aaaaa"
"60454","配送業者名才麗竹454","aaaaa"
"60463","配送業者名才麗竹463","aaaaa"
"60504","配送業者名才麗竹504","aaaaa"
"60526","配送業者名才麗竹526","aaaaa"
"60217","配送業者名才麗竹217","aaaaa"
"60223","配送業者名才麗竹223","aaaaa"
"60235","配送業者名才麗竹235","aaaaa"
"60239","配送業者名才麗竹239","aaaaa"
"60240","配送業者名才麗竹240","aaaaa"
"60247","配送業者名才麗竹247","aaaaa"
"60253","配送業者名才麗竹253","aaaaa"
"60260","配送業者名才麗竹260","aaaaa"
"60266","配送業者名才麗竹266","aaaaa"
"60270","配送業者名才麗竹270","aaaaa"
"60279","配送業者名才麗竹279","aaaaa"
"60282","配送業者名才麗竹282","aaaaa"
"60286","配送業者名才麗竹286","aaaaa"
"60293","配送業者名才麗竹293","aaaaa"
"60297","配送業者名才麗竹297","aaaaa"
"60301","配送業者名才麗竹301","aaaaa"
"60302","配送業者名才麗竹302","aaaaa"
"60304","配送業者名才麗竹304","aaaaa"
"60320","配送業者名才麗竹320","aaaaa"
"60338","配送業者名才麗竹338","aaaaa"
"60340","配送業者名才麗竹340","aaaaa"
"60347","配送業者名才麗竹347","aaaaa"
"60348","配送業者名才麗竹348","aaaaa"
"60349","配送業者名才麗竹349","aaaaa"
"60355","配送業者名才麗竹355","aaaaa"
"60357","配送業者名才麗竹357","aaaaa"
"60358","配送業者名才麗竹358","aaaaa"
"60361","配送業者名才麗竹361","aaaaa"
"60373","配送業者名才麗竹373","aaaaa"
"60374","配送業者名才麗竹374","aaaaa"
"60387","配送業者名才麗竹387","aaaaa"
"60398","配送業者名才麗竹398","aaaaa"
"60401","配送業者名才麗竹401","aaaaa"
"60412","配送業者名才麗竹412","aaaaa"
"60422","配送業者名才麗竹422","aaaaa"
"60002","配送業者名才麗竹2","aaaaa"
"60005","配送業者名才麗竹5","aaaaa"
"60029","配送業者名才麗竹29","aaaaa"
"60032","配送業者名才麗竹32","aaaaa"
"60052","配送業者名才麗竹52","aaaaa"
"60064","配送業者名才麗竹64","aaaaa"
"60068","配送業者名才麗竹68","aaaaa"
"60080","配送業者名才麗竹80","aaaaa"
"60082","配送業者名才麗竹82","aaaaa"
"60085","配送業者名才麗竹85","aaaaa"
"60096","配送業者名才麗竹96","aaaaa"
"60097","配送業者名才麗竹97","aaaaa"
"60099","配送業者名才麗竹99","aaaaa"
"60100","配送業者名才麗竹100","aaaaa"
"60854","配送業者名才麗竹854","aaaaa"
"60855","配送業者名才麗竹855","aaaaa"
"60866","配送業者名才麗竹866","aaaaa"
"60886","配送業者名才麗竹886","aaaaa"
"60889","配送業者名才麗竹889","aaaaa"
"60896","配送業者名才麗竹896","aaaaa"
"60897","配送業者名才麗竹897","aaaaa"
"60900","配送業者名才麗竹900","aaaaa"
"60903","配送業者名才麗竹903","aaaaa"
"60922","配送業者名才麗竹922","aaaaa"
"60927","配送業者名才麗竹927","aaaaa"
"60941","配送業者名才麗竹941","aaaaa"
"60944","配送業者名才麗竹944","aaaaa"
"60948","配送業者名才麗竹948","aaaaa"
"60959","配送業者名才麗竹959","aaaaa"
"60968","配送業者名才麗竹968","aaaaa"
"60973","配送業者名才麗竹973","aaaaa"
"60974","配送業者名才麗竹974","aaaaa"
"60995","配送業者名才麗竹995","aaaaa"
"60531","配送業者名才麗竹531","aaaaa"
"60532","配送業者名才麗竹532","aaaaa"
"60536","配送業者名才麗竹536","aaaaa"
"60542","配送業者名才麗竹542","aaaaa"
"60545","配送業者名才麗竹545","aaaaa"
"60551","配送業者名才麗竹551","aaaaa"
"60570","配送業者名才麗竹570","aaaaa"
"60578","配送業者名才麗竹578","aaaaa"
"60583","配送業者名才麗竹583","aaaaa"
"60592","配送業者名才麗竹592","aaaaa"
"60593","配送業者名才麗竹593","aaaaa"
"60595","配送業者名才麗竹595","aaaaa"
"60599","配送業者名才麗竹599","aaaaa"
"60601","配送業者名才麗竹601","aaaaa"
"60602","配送業者名才麗竹602","aaaaa"
"60603","配送業者名才麗竹603","aaaaa"
"60608","配送業者名才麗竹608","aaaaa"
"60620","配送業者名才麗竹620","aaaaa"
"60636","配送業者名才麗竹636","aaaaa"
"60643","配送業者名才麗竹643","aaaaa"
"60647","配送業者名才麗竹647","aaaaa"
"60651","配送業者名才麗竹651","aaaaa"
"60652","配送業者名才麗竹652","aaaaa"
"60658","配送業者名才麗竹658","aaaaa"
"60661","配送業者名才麗竹661","aaaaa"
"60662","配送業者名才麗竹662","aaaaa"
"60684","配送業者名才麗竹684","aaaaa"
"60697","配送業者名才麗竹697","aaaaa"
"60699","配送業者名才麗竹699","aaaaa"
"60704","配送業者名才麗竹704","aaaaa"
"60714","配送業者名才麗竹714","aaaaa"
"60716","配送業者名才麗竹716","aaaaa"
"60723","配送業者名才麗竹723","aaaaa"
"60724","配送業者名才麗竹724","aaaaa"
"60737","配送業者名才麗竹737","aaaaa"
"60747","配送業者名才麗竹747","aaaaa"
"60776","配送業者名才麗竹776","aaaaa"
"60787","配送業者名才麗竹787","aaaaa"
"60788","配送業者名才麗竹788","aaaaa"
"60790","配送業者名才麗竹790","aaaaa"
"60796","配送業者名才麗竹796","aaaaa"
"60797","配送業者名才麗竹797","aaaaa"
"60804","配送業者名才麗竹804","aaaaa"
"60810","配送業者名才麗竹810","aaaaa"
"60816","配送業者名才麗竹816","aaaaa"
"60834","配送業者名才麗竹834","aaaaa"
"60835","配送業者名才麗竹835","aaaaa"
"60838","配送業者名才麗竹838","aaaaa"
"60839","配送業者名才麗竹839","aaaaa"
